player_sot_per_90,shot_accuracy_pct,opp_sot_allowed,touches_in_box,is_low_block,is_home_game,possession_against,defensive_width,xg_for,recent_form,target_hit_over
1.4363502971184063,0.27405317153544784,3.30852841867953,5.7089209594622865,1,0,0.4574542081109768,0.6389541724466932,0.8543192366204425,0.624120565776328,1
2.87678576602479,0.4167603789513432,3.2348939953599993,6.576769780339606,0,1,0.48937426375000853,0.35343181726309975,1.061481539523581,0.6092773519859075,1
2.3299848545285125,0.5491783343505633,6.531272902605183,2.7532752915474927,1,0,0.6418189572808721,0.7734367380128889,1.9637441271259197,0.3430893893985109,1
1.9966462104925915,0.49288995456382445,3.2477309992475307,5.374118697248992,0,1,0.43600175442395683,0.6178697434415449,1.8734756988736703,0.7151575822076099,1
0.8900466011060912,0.5226244591445799,3.359748630643155,5.002221882006241,0,0,0.6478598739248684,0.34432233013417257,1.2908997680400058,0.5558124909705688,0
0.8899863008405067,0.46351334668428695,5.796991312089819,6.829812637517898,0,1,0.33525377239067655,0.8274028344887241,1.3275348788838977,0.4636764845110579,1
0.6452090304204987,0.476910625807141,4.2486992122527,7.342609423368824,1,1,0.6107193748834523,0.5610192780011924,1.5469762069750113,0.640442362572888,1
2.665440364437338,0.5396782606261277,5.883552784775906,1.0850974003417075,0,0,0.6390190532218945,0.293739071122993,0.8003374065591884,0.4158144562807353,1
2.002787529358022,0.29986720354367435,2.326830787821926,5.718139433411548,1,1,0.3727270611349355,0.6260997426490403,1.137742070453239,0.6120794266708443,1
2.2701814444901136,0.39576998545725617,4.437855968366922,1.362850593838103,0,0,0.47213861294888015,0.40191934420768616,1.0915245320515004,0.31787004340751124,1
0.5514612357395061,0.28848377672784087,2.168068000916413,4.8420106555414915,1,0,0.36619990986546225,0.7322160711263814,1.150676125449669,0.6777336169241723,0
2.9247746304049858,0.5950672031986588,2.3132660172767725,3.0134291033057474,0,0,0.5826416515976871,0.7406932441397144,1.928268179546818,0.5016768811595933,1
2.5811066020010545,0.5776237358746452,6.532187266722055,3.147436196654988,1,1,0.5141391072246626,0.8373684135127971,1.1915433991650204,0.5865118114610738,1
1.0308477766956905,0.21577072454740237,2.696226855587976,3.4707095241664963,1,1,0.5541293386833284,0.5511217186147022,1.0681298508702075,0.39955701891300766,0
0.9545624180177515,0.48223006900627535,4.662103411376085,5.349047143347271,1,0,0.3785947867824844,0.5229741278366422,1.5059688451102442,0.6046831706963016,0
0.9585112746335845,0.5700993269662663,4.055478013003533,3.3383497596813845,1,0,0.38469834482096776,0.7020853632678883,2.011903050921825,0.6475081241519745,0
1.2606056073988443,0.27223013805093343,3.7367166312942133,6.128893354131963,1,1,0.3165989302039625,0.3294823938051559,1.1378895853725,0.5129459340979794,1
1.8118910790805947,0.42717809222105174,6.499166728436363,3.831691699017088,1,1,0.4288270140782919,0.5781493082758745,0.9099507399099183,0.5779771158278074,1
1.5798625466052894,0.5661953190352167,2.1091169838774473,1.4784724021697104,0,1,0.52389786453347,0.5777485600785106,1.2989666301895306,0.5053466657200794,0
1.2280728504951048,0.21357839143431956,5.3189484308779456,6.486318897388751,1,0,0.6431739655989315,0.30368387368623234,1.846712554390969,0.7023411161660305,1
2.0296322368059485,0.478968106898736,6.816972171067752,3.000308272148942,1,0,0.5667709789834723,0.5007904513041481,1.5709667625727126,0.5240411312314436,0
0.8487346516301046,0.3189396029490203,4.80084091730921,4.029368157194838,1,0,0.47415852935990055,0.7619708791403211,1.9435107174040867,0.6788139190629685,0
1.2303616213380453,0.5697584781506122,6.684112310165459,5.798107182553311,0,0,0.6812480457576551,0.7636921731967962,2.143429006652928,0.6606084262216119,1
1.4159046082342293,0.588423298066147,2.2612893964301186,3.3271931000409842,0,0,0.5876980802303327,0.3095425989518086,1.909727467452264,0.48472716960676043,1
1.64017496054259,0.5777065956453735,4.093966595370807,1.3960995930270093,0,1,0.67206608114502,0.3044325296486985,1.645324310381255,0.40353802133586375,1
2.462939903482534,0.38968568666298553,3.3007889548102556,3.6174473290896954,1,0,0.5110351893088663,0.40761728620116117,1.4906782232733327,0.48273695965189695,1
0.9991844553958993,0.5448170603957254,5.654104824903649,7.6111400788601244,0,1,0.4035617099172558,0.7748596375323961,0.8560967208875734,0.6717978190988491,1
1.785586096034029,0.5378197594140282,6.906485452486233,5.492140781089907,0,1,0.3211306745458888,0.32734155104409934,2.1780507703396577,0.40243464111872657,1
1.9810364221551062,0.32764018929730226,3.282650312221239,5.700354040670448,1,0,0.5904339405935402,0.6819980815764677,1.3368735716050595,0.5359963556359872,1
0.6161260317999944,0.5315661896602709,5.270873007370373,5.425975075463479,1,1,0.34852119920221364,0.31069937176786194,1.0131194994836137,0.6627435365823364,0
2.018862129753596,0.21480305388619705,2.990488163798701,2.3929449727160574,0,0,0.42111005130878687,0.6238827122486952,1.7333923975550396,0.45906486380777045,1
0.9263103092182288,0.43850795139282117,4.826651272858049,3.928337048715961,1,1,0.5129883631535589,0.46364037947148684,1.198003604733643,0.5889943366512138,1
0.6626289824631988,0.29200353491508124,4.319662433441681,6.256578588543228,1,0,0.525766635111899,0.7233483777795202,1.6200895793034666,0.4105342083219665,0
2.8722138431333333,0.24822675431091154,6.860026648157685,1.709610282872114,1,0,0.5402332787948544,0.3902142692952182,1.6214750709824277,0.34917575041567195,1
2.9140800826863984,0.23078128065168368,5.042636363482333,2.944969432627986,1,1,0.36650213213988025,0.6335210976339759,1.4240217492640168,0.6574729012917854,1
2.5209933702911527,0.4785155103512559,3.747531860434094,2.9342337592609753,0,0,0.45189496192865947,0.3914095207455309,1.9705660617630598,0.34453588053391804,1
1.2615344229334267,0.33594998550722643,2.5704789244396666,4.024132493161542,1,1,0.5468776908467866,0.6781961698672923,1.1709538861776203,0.4221216277858131,1
0.7441802850159597,0.4899067086115046,2.7562341436746727,7.862581186595295,0,0,0.6879275458535139,0.7742068207364492,1.428085628264828,0.6847992398988481,0
2.210582566280392,0.22614253631957695,3.1265846497561753,1.4725178267867536,0,0,0.5910524550798755,0.326081079476056,1.55276898002736,0.45591117918540025,1
1.6003812343490034,0.32611613513224413,3.25483330670149,4.630906960664165,0,0,0.6690415028375831,0.769957413157302,1.7290746090742197,0.7378704072813724,1
0.8050955871119471,0.41579651695013486,6.253080289205689,2.2555527740854733,0,1,0.6048848233256707,0.6061451526485788,1.8975605907078255,0.7408804506482369,0
1.7379422752781755,0.5162892659355853,4.806113941412624,7.794735817868209,1,1,0.5366867875569601,0.3262662945202144,1.3527301960295586,0.4207242092041005,1
0.585971302788046,0.327501001172828,4.616954556871832,1.7931245330922494,1,0,0.3768093476545378,0.5065251132158273,1.7044657217352346,0.3184402000124507,0
2.7733010051969553,0.4503565505748036,2.5738443593460874,3.825207016531139,1,1,0.5666742607570052,0.3465161760910587,1.0108553342959268,0.6172784778924205,1
1.1469499540000423,0.5543910992944748,6.300698466747175,6.165194893842243,0,0,0.5493518263839627,0.6702087333199417,2.10570734075947,0.5029439261917547,1
2.156305710884955,0.4463452752729218,5.614071516042419,5.931880996192117,0,1,0.5409876681829066,0.7053208806507698,1.336282328989405,0.3453387797818093,1
1.2792776902235274,0.2931837899014535,2.338341809500008,3.9591004582575255,0,1,0.49591434719529626,0.3134779121636794,1.821329990767014,0.6183852685401192,1
1.800170052944527,0.2097603126226152,5.539175486148843,3.425669175669028,1,0,0.5114626415957102,0.5536839116167867,0.8284775146350487,0.3140287091003645,1
1.8667756983581991,0.5480395495603719,4.717691086713231,3.783286649870094,0,0,0.43377701084724163,0.7387750336155503,1.08726200006673,0.691588510721509,1
0.9621361388138177,0.20850776434015486,2.4086267287338914,2.8499338421104747,1,0,0.5077250770569213,0.8116978249305978,1.4819155620530093,0.3623936381009867,0
2.9239615694113965,0.5498806690736797,4.291503207643283,2.4373305709475988,1,0,0.3790223622713913,0.558110720045062,2.0295534548252854,0.3572903454360262,1
2.4378320584027864,0.41157485361088475,4.423481435650235,4.381277882912229,1,0,0.6220697589441506,0.8201675341668442,1.5381572099309482,0.37905253408586304,1
2.848747353910473,0.5756270794051584,2.8288727008163788,2.8797362924732512,1,1,0.3743107818794831,0.5714133822736178,2.1018186752114305,0.7321198613214299,0
2.737068376069122,0.5195132943094661,6.728490735001412,3.012231654280751,0,1,0.33398651595578654,0.48651429675994473,1.477315655215915,0.6119262121142307,1
1.9947499470277128,0.599173644213335,6.24987685740331,5.5972924443219,1,0,0.4744984105428629,0.7589218771317373,1.48662873543033,0.6606171909586365,1
2.804685587557792,0.34028472618068406,5.3451116866455415,7.779761321899246,0,0,0.5633229758024247,0.5457896262748534,0.9676455039007447,0.4789357435797389,1
0.7212312551297988,0.5068753155724508,4.311477805003036,5.225460403915625,1,0,0.4750867299734165,0.5331415063387138,1.9237187418131079,0.45134072737722997,0
0.989957156047863,0.36077236544369684,4.058827707922543,1.5388562694547638,0,1,0.4107016527805234,0.544187493645897,1.1457515774538876,0.40551780305242646,1
0.6130682222763452,0.39195024812156354,5.254867335754771,1.5290852969784687,0,0,0.5232684735561762,0.7580710011218472,2.059457485121241,0.516291612740584,0
1.313325826908161,0.45100218528734803,4.727159347034528,7.659962545918962,1,0,0.43880093416488,0.7491649250128313,2.0751539084625548,0.5483229300903758,0
1.471693224223705,0.5494708456745354,2.311365529409428,3.0810355321513354,1,1,0.6731470760506532,0.4921119954641267,2.12063415662381,0.5842986796437399,1
1.1783725794347397,0.593633387679718,4.562513243851658,1.644468902577328,1,1,0.6690580558414287,0.449979915922315,1.528322684744326,0.4157033267994125,0
2.5718437728798236,0.5073093655458072,6.032018086164197,5.193312110052671,0,1,0.5009487279888382,0.5451568144234775,1.747931298697102,0.7268943364063458,1
1.3918833167339733,0.3671067128669335,4.296199387984791,5.365541448031863,1,1,0.4311535976073034,0.5936635058422655,1.8899222320863291,0.37639132419321114,1
1.2023362742184518,0.36854280091082803,2.259782887771342,5.539533740830817,1,0,0.5948529655826555,0.39300232637679816,0.9834204661106519,0.7345439286448856,0
1.8567402078956212,0.4950329206355566,5.9313909969201655,2.871814195002789,0,1,0.31468517739322666,0.7263730508293543,1.6413400729964962,0.3066852551283767,1
0.8523105624369066,0.29551085830732093,3.006818910679872,1.1057747895013252,1,1,0.48990760241746045,0.5418896594394538,0.8480170618246364,0.5165065613175805,0
2.5054924518850994,0.24418964525255787,3.293104174440194,7.755107586181303,0,0,0.4345293577081334,0.45042732905197574,1.4965925167442165,0.45001552715245324,1
0.686376609199427,0.3418488630563106,2.8235317671614792,2.7562513198377174,1,0,0.6682143540410218,0.3140925957783944,1.0167797542683183,0.5021055362686129,1
2.9672173415012932,0.3148955966616327,3.6510753243574876,5.732184016367833,0,0,0.30480121090907303,0.39330709624216414,1.0560920963469187,0.5567990605413551,1
2.4306119232416434,0.318523248182396,5.783757528443175,5.946409089150967,0,1,0.5211259502873395,0.8195687030535902,1.3110665933696422,0.49601512110571905,1
0.996789203835431,0.29344310041996396,4.5969292975196865,5.2700519195563995,1,0,0.5962654324266503,0.43305981209171596,1.4054120334031044,0.48668108263571774,0
0.513805292809006,0.21683727585454476,3.024406370753563,3.1903517594955373,0,1,0.49400719500961643,0.3513155736202212,1.6724413943450622,0.629725536935988,0
2.5386535711370852,0.20714957389336552,6.3891503907602045,2.8976737763484604,1,1,0.33416121206508864,0.5264036749929959,0.904199785813922,0.6086443237889091,1
2.267143359619043,0.5950889558944126,6.397909274757646,5.183677978918922,1,1,0.6889845560111608,0.4342526460161492,1.5051684657324227,0.6749720769161316,1
2.3225179201024684,0.3711092534943449,6.352892125230035,7.06266943528184,0,0,0.5072041725504391,0.27109555016271647,1.0556751823543418,0.412481541557773,1
2.4281758667148643,0.35373065886387267,3.1939810569076963,7.627136102463769,1,1,0.5456744977276045,0.4438871303676504,1.6035652450444386,0.5742878293893285,1
0.685111629335226,0.47185891307722794,4.25619672090494,1.7413406308263033,0,0,0.3946439130830029,0.576465174363681,1.6923664571656571,0.5633376534267842,0
1.3961643213606816,0.2873015551460257,6.924948280704376,2.083800288184039,0,0,0.49339923404272146,0.5810274232119801,1.5793929591739955,0.4663820148927099,1
0.7896726488128243,0.5799844735800901,5.860062381549952,7.613153811481558,0,0,0.4716597967833287,0.4639353527061332,1.833613714669631,0.5187258938562064,1
2.657758564688984,0.5145380057662208,2.135837106127799,6.155746598343548,0,1,0.3299583368007935,0.5183816537515604,1.269852941937262,0.4412019644875779,1
2.058245317068895,0.2357644009249038,2.3260229563024604,7.180956773808411,0,1,0.34246414141898684,0.8293107509408598,1.8711492282863833,0.36382997892764335,1
1.327245062131623,0.3670323103139713,4.319656884061664,2.418428438947402,0,1,0.6349890078475098,0.47640908633818696,1.4058739143914711,0.39621054479822976,1
0.6588958757150591,0.5516473230248659,6.546101029307801,5.113101097765813,0,0,0.3959279808826361,0.4049360879559898,1.4778582976516357,0.3474811408805405,0
1.2774558042891555,0.577892808916564,4.693508989763571,5.907977160922315,0,1,0.3779833085994522,0.396080226440056,1.7073429781655,0.6073813088355559,1
1.3129583050668676,0.38696060449994785,4.489062540171451,5.7607831981288085,1,1,0.5019645805000557,0.5246587676224805,0.8257017375989136,0.5973273268991182,1
2.32401544584516,0.44536455568428307,2.5273684997831527,3.8570618360668867,1,1,0.6074988525450051,0.7057120892301665,1.7155919099883477,0.7277728672109427,1
2.093893678388033,0.26681357843683007,5.283900523621471,1.1077642418391593,0,1,0.32477860743159515,0.3735929105130839,1.6660192087009618,0.6283552861412586,1
2.7180318564408164,0.5964674504547907,6.110515803001127,5.080482397629842,1,1,0.5307231678553023,0.6755776762844607,1.233785963454592,0.3234206274402591,1
1.6805373129048733,0.29266868055337736,3.902100037537812,2.7717107742572615,1,0,0.34768417713622934,0.26268989400964976,0.9201119988592853,0.6979103282680295,0
0.7989856148457543,0.5770927096540502,5.8780592546266375,4.1517797230002325,1,0,0.31458442033024736,0.5013597867903676,0.9273096298782577,0.6882038233255766,0
2.2831119680574874,0.4598586595969474,6.8223832695040585,7.7030671055867215,1,0,0.32109758086488693,0.7155190391216721,2.09251324577932,0.4994941443477144,1
2.4019626215422436,0.44309471795154365,3.0188322956384455,3.793247223497043,1,0,0.6336656432833765,0.4532397734646588,1.7649910497161723,0.5636383727375647,1
1.9031929939237406,0.4050754044066034,4.6166481559737065,6.878611246650987,1,1,0.3471889934512246,0.5882422608672397,0.9779436592790366,0.7392352496126335,1
2.4274179498864026,0.2922679246871035,3.435689790422878,2.3197842402447577,0,0,0.31806054576491677,0.3729875396955465,1.2994124370324691,0.5395369637316748,1
1.7344889909109769,0.2706112128022033,5.964272095169196,5.707223486175202,1,1,0.4751599548571649,0.6951972346757034,1.629476191462235,0.7073948227692404,1
1.8068320734549852,0.28819448362807015,4.887966829405787,7.8390486810726046,1,0,0.6375973887768098,0.2813674619612558,1.9698003871269083,0.3373674410145839,1
1.568852545896374,0.2745753048577018,5.172912087751518,1.7132517061105577,1,0,0.40496335059572075,0.7615255869253001,0.861125300198212,0.3859733409189073,1
0.5635478168602379,0.5118337894267013,5.989570798079471,1.058239595590344,1,0,0.4686850470103665,0.36891783185300087,1.1312863840580125,0.498339724548593,0
0.7697285674832611,0.340050103666692,3.9798523633122747,4.035079548428301,0,1,0.31596901302550046,0.7746388190249984,2.045648586413532,0.5631405637517871,1
0.5785729642168356,0.22313707062535856,6.575450342035216,1.6483783813595703,0,1,0.47963140565395035,0.4615175447803104,0.8128317702573431,0.6673025333382601,0
2.091026028159451,0.5876410520563244,4.6651443362307,6.238690447733619,0,0,0.5310452322548534,0.683610144684692,1.0819587439114424,0.744717951814434,1
1.2858899526908167,0.5535143539853702,2.78977411417674,7.401840646939912,0,1,0.5283628215008579,0.4415351786717131,2.142633846362153,0.4749831734133524,1
1.771426727911757,0.5711009132780851,5.479495590844012,4.0381468089613115,1,0,0.43297067686974605,0.7935470027407885,1.6587625851310397,0.3213370362630382,1
2.7689161848152324,0.5979631290585741,5.966306752191272,2.810981495088087,0,0,0.4262132722652542,0.32598227531102464,1.1663399132925092,0.6605271764828962,1
1.1232305728721874,0.2695580996877949,3.5838083853376332,4.040823233046268,0,0,0.3426494475746391,0.3571118735635592,0.8937875321541867,0.5719713235872637,1
1.5259573075890742,0.3584968075610635,6.285896284993765,6.064134724950007,0,1,0.44671932825850735,0.5458180750952814,0.8394678766261111,0.38934428649069075,1
2.3888778463576217,0.5032953902816365,6.530716273828832,1.0633791310625968,0,0,0.33979786754918584,0.2991630634228877,1.1426431114916982,0.522672805479639,1
1.0719954137290562,0.47840824722151687,3.3845224368890445,5.12617792639288,1,0,0.6066383778848206,0.36758811082105713,2.0340801474244747,0.634039610490176,1
0.6924497745719824,0.261558362535942,6.91760736357611,5.293041794211653,0,0,0.6865097190992743,0.8162598293272086,1.3822791160165133,0.6466853041808898,0
1.2243786322844201,0.5263332499962471,2.703557640243792,5.4638177282715485,1,1,0.6880297826666827,0.8358937966887323,1.8084667168323902,0.5248282853994429,1
0.903053218135011,0.28977622873466424,3.01007834201245,2.6941545598661403,0,0,0.6460284397501574,0.47575559759825314,2.085599049531941,0.4373465385579866,0
2.8242441308564326,0.2895270459290492,2.9211241961901306,5.998369063646887,1,1,0.5403168597358476,0.8039716126083614,1.3712566462439433,0.7381841619173221,1
2.5203009489110424,0.41478976915736543,6.469948550039352,1.6397404043224348,1,0,0.580346278897552,0.576894805404059,1.0677883194523559,0.5985131749304218,1
2.083509391276059,0.4371759739366813,5.271462761624809,2.3948923552676056,0,1,0.4140823210721656,0.4118454795242602,1.5239651031996875,0.4837068837058344,1
2.6786514754692945,0.4320344831351245,2.7605214161113643,7.1422903265813735,0,0,0.5523081680690483,0.6714392326483591,2.0713171618837967,0.4262084508920936,1
2.5091801922477863,0.23659473495910197,4.2016170918417455,6.171062055085964,0,0,0.48225981977595095,0.6453410839449143,1.926124179792781,0.628996342351603,1
0.9664251472150895,0.5509843450521521,5.07649012534901,1.0962188780794166,0,1,0.49280693591077296,0.84347519146524,0.8921617807084153,0.40898255051719545,0
2.7313974962249445,0.3062400170354824,2.4173204249469165,2.7386338225886013,1,1,0.6031106241500632,0.40902837244557,1.7696019201086148,0.37726949503815965,1
1.8483556047891267,0.25180596851312165,6.412081842036693,2.500845380952152,1,0,0.41276734223890066,0.6532357015970413,1.6006565314425354,0.5384252500329316,1
2.518600387910156,0.5554992319475909,6.018017677207676,2.895644296258808,0,1,0.42721584467780793,0.2812142530176681,2.0704484468849955,0.43049432668986387,1
2.740228249808733,0.5822605992919013,4.526033867883191,2.732918391959205,0,0,0.6698567164514546,0.3181876232180316,0.9714739835904161,0.5830073152156268,1
1.2950086874296596,0.5448510469061802,6.835633076295852,1.43768407019992,1,0,0.3224897179403889,0.252351024970656,1.5476505584865192,0.35307240369340503,1
0.7751298113191919,0.5238064298899512,4.088804896375498,4.212583616177742,0,0,0.49425371936533613,0.8496764086358038,2.031247770916649,0.5947234970552947,0
1.0698379063548542,0.4620967922556087,6.920551595182489,6.1291343235031555,1,1,0.6651203201631446,0.7313642182884866,1.3740333014384403,0.427483437598966,0
1.5677694715656407,0.4203429482436557,5.339599994018135,5.247122073022055,0,0,0.5441452031272628,0.7220338088401245,1.4747928848260141,0.30010932049553074,1
2.5450369148062326,0.23479470396456406,5.173356366269707,5.7101016801865585,1,1,0.5185628296848528,0.5558356451729078,0.8986449487337417,0.35712122595337936,1
2.6518264581408584,0.3633812852282795,2.829774476478925,1.5680442497536742,1,0,0.39989767169174206,0.43004024974326394,1.1894010966284752,0.7201269200257923,1
0.5173803263279768,0.3490754068049256,6.40963879152322,7.66043497123751,1,1,0.4373101956257793,0.34075857067760557,1.2543093088365262,0.690309587601911,0
1.7768682564439144,0.30390151350413047,4.137448439603076,6.8694428369011735,1,1,0.6408193663218771,0.42080484330787815,2.1231714282428418,0.40512406441630655,1
1.5435275078719475,0.48936804547543394,2.8111670289123967,6.635632229469639,1,0,0.5236872527073833,0.47558273315748345,1.1957343047576228,0.6502673570454711,0
1.0552695261768257,0.39835029403150835,2.063037599878795,6.760886635292373,0,1,0.505896877502712,0.7037860581881764,1.4452162293775128,0.5738572169282884,0
0.7996634183342071,0.23241848636305917,4.798778418191913,7.52897355692933,1,0,0.33983188541601156,0.5737970733418915,1.7398261929899919,0.7369071201524413,1
1.3440379285090698,0.28807328077992456,4.636998110613382,4.809777762795884,0,0,0.30641126258204926,0.29649017593328963,1.0270567213710284,0.4681225467903266,0
2.857274259781298,0.47330350546383837,5.596768111845793,2.401974125073381,1,0,0.6854740754748196,0.26081740537534737,1.4810193419986244,0.6066572756327271,1
1.308007330051888,0.2304523437961201,6.4512902650890105,5.317485254967788,1,0,0.4507944669147366,0.3113993077204379,1.8339546552662709,0.32859107509076335,1
1.7969765543584153,0.5404827656195075,2.3970329232151477,6.200170455675573,0,0,0.5412852248398017,0.4962992282184276,2.013597298237893,0.4783113060673827,1
2.2575473972379445,0.3980586108055897,5.657482451701812,6.165421753478178,0,1,0.33188602927491395,0.809915750229411,1.6767629845273975,0.7337179475346812,1
1.409074005948235,0.3922346309306592,2.937059720487911,4.65014316916816,0,0,0.5732457142892187,0.632441488725533,1.7366749214437271,0.5425413935025543,1
2.929455206802402,0.43696311386380704,6.290885265785819,1.4792110353350463,0,1,0.6730266834823844,0.7310955399253091,0.9767968616183966,0.42954577650068004,1
2.906118237355278,0.5298723863700596,6.09531756930828,3.5977905690108947,1,1,0.5302661011989678,0.5298247567027291,2.124087096144886,0.35412193340787307,1
1.1294557395634104,0.3391236831608772,4.703968774927722,7.445366259243501,0,0,0.3504461289501642,0.4669996499170257,0.9856037084782754,0.6165877530816887,1
1.7431212647309637,0.4712064610236254,5.551213993116558,5.091142368301982,1,1,0.5326886109893907,0.31504022362997364,1.8845421120545178,0.590185219543377,1
1.252195774541924,0.4262927855983164,3.571750565918742,4.7683236027899945,0,0,0.606538885241861,0.775559813311723,1.1707428504896464,0.46827242112169853,1
1.2121012359436691,0.3068113080677685,4.355839494664073,2.8819746006753544,0,1,0.46256661462960746,0.7198960174167417,2.1070304011817527,0.7279236083396254,1
0.592217368386332,0.5514519945420632,6.108184488552358,3.5791424394160525,1,1,0.6519350991765871,0.3508708585586351,1.8079433551172714,0.3099912658445326,1
2.023910834949742,0.5189704086427712,4.296325985866069,7.267422624072185,1,1,0.5594731813429458,0.5573563383257563,1.8553391981697167,0.43667573323432163,1
1.7566975580721538,0.4633807338633702,3.788991326627209,5.66524133268785,0,0,0.6596995673156809,0.5424248847527469,1.1066828422838366,0.7144812688348117,1
0.6286968781249733,0.5402326916376967,4.4710622362515,6.51170918726633,1,1,0.5494021244989349,0.6250549316119172,1.4202559672892252,0.44442094724374814,0
1.1966161605915286,0.5469176803839209,6.141246262186092,4.1804179614735855,1,0,0.35251518880192967,0.8177121363947567,1.6649384724250011,0.4135137752348267,1
2.7706647149166344,0.4833451906860139,3.6760402368543637,5.411730536193105,1,1,0.4238766844420756,0.5978628650574878,1.8779630654892414,0.5403991844690613,1
1.098904726667431,0.5348053313454688,2.868807965678719,2.738685261202453,1,1,0.3807179793009827,0.5741303600671712,0.9455431262773455,0.6707107874642421,0
0.8622371802280577,0.47898858466771344,5.560070101653904,5.938225811984404,1,1,0.6635305990867448,0.28019375976079836,2.14731144303634,0.34641604239526247,1
1.7236319006939076,0.47205630870412013,6.129891063540409,3.9932093359233614,1,1,0.604160026914993,0.28774448561081434,2.0463089387763786,0.7243593193405813,1
2.964126135276502,0.44744455128607374,2.503187392617667,4.097818603703219,1,0,0.5705593475640024,0.36240807479607334,1.1784880266938182,0.6577827965315238,1
1.105138178778751,0.5010866558230564,3.1993705637797234,5.545256272038172,1,0,0.42038652785264863,0.26948246301504897,1.951864340245265,0.3815626149981984,0
2.1803388685146965,0.2634420421172295,2.7098599488049695,7.553964350282486,0,1,0.3736179088200854,0.6960117373420074,1.525653492255753,0.6204035825391732,1
2.404049038321794,0.5523483036795713,3.739707057910833,1.4480444262603465,1,1,0.6025804351955647,0.6839981823963779,1.4465290741868262,0.4732314251869007,1
1.0940938599809993,0.5487374110980927,4.251754894527063,6.773202661429053,0,0,0.48966317835163187,0.33163374065898577,1.2402077481359677,0.4810326051343434,1
2.3205408715296487,0.21169891321382367,5.744131684816532,3.0466817728853517,1,0,0.3903158208602516,0.7516473404771685,1.6133560212842295,0.6524805415974899,1
1.419457831798133,0.5303267002259051,5.25573792440837,4.107436181544645,1,0,0.54664879126611,0.3428716209076672,1.821844764785037,0.7332531635913295,0
2.080764576483949,0.2515479469893781,5.104642837392156,1.1533933014250626,1,0,0.31613354085538076,0.43070535219841527,1.3753060669478616,0.35699514278123723,0
2.083824276902237,0.33404754170365675,3.761874733048272,3.107322544840191,1,1,0.4304681016513014,0.399386139496819,1.6809068702116092,0.4892836065954687,1
1.8394367101868963,0.4974033025166431,6.2072377654238,4.518418698410914,0,1,0.4874227978364538,0.47338425914382865,1.7790380896174254,0.5164237236379365,1
0.7257244251360208,0.2643039584193233,4.356435836990823,1.3932325414320732,0,0,0.3591833336437623,0.4027982595339771,1.7955705438214005,0.4693403176297489,1
2.588256238973095,0.5271868096476249,6.8955246900757725,4.437670105682156,1,0,0.6938617910363358,0.5433705558630713,0.8727525373836524,0.4634351056723013,1
1.3019501624293395,0.5328536711830967,5.170710691478684,7.489774402008991,0,0,0.3836389458358457,0.4944447288128112,2.003646927959094,0.3235209004027184,1
0.9662962759996356,0.4029870935043345,2.6313237078225136,1.7377525267546365,1,0,0.35214125201730617,0.8419416944675959,1.4415546406710673,0.6084923792531804,1
0.6019378538869098,0.20255434868673344,5.38088781037717,6.35108509652853,1,0,0.38141394955475855,0.2835558100769354,1.1673825143747003,0.4962964877040204,0
1.9772323579706046,0.3148152532699651,3.625520077158495,3.867697373631948,0,0,0.6076244532638897,0.33530882583241095,1.1384703104715543,0.38765721118976704,1
2.193910904605706,0.44677076735029686,5.431635983430487,5.586216001670366,0,1,0.4702022637087371,0.2816955363451615,1.4762197579815308,0.6672150760359308,1
0.5414695723196403,0.5924744712109693,2.3482057408120287,2.8216561858966056,1,1,0.5261663759010151,0.6255047169894254,2.041564155256543,0.6611523366682326,1
1.7802326457482025,0.45272541080666734,2.874407185879797,2.116445837789508,1,1,0.3084036627945443,0.28270556644823175,1.3296866143557058,0.5188762326400023,1
1.0662394379948448,0.30392143242566394,6.2786862945289315,2.123238299898585,0,0,0.3137725234293258,0.751863842425674,1.8496160454969608,0.43430279751649226,0
2.1129319760236247,0.45360228123984453,3.1358977851175744,1.4934436195020124,1,0,0.47833021993080643,0.5571631784091566,0.9355462233821061,0.5871417266084036,1
0.9359160725124787,0.41599415188634215,6.1852056262147,2.2995269343087013,0,0,0.6266620972806494,0.5662045747489202,1.4664793830114866,0.42966846109983137,1
2.227344345256165,0.5119381580604574,3.396380442272052,5.649535694922778,1,1,0.654095551483026,0.5869567046273165,2.1883605965498303,0.4062035686456704,1
1.4668383657513435,0.24279225553078337,5.214409550293539,7.171834282904556,1,0,0.3346826270382561,0.35248822378372646,1.878612923909272,0.628731594311847,0
2.8418249718418362,0.5044111610008112,5.470752867549155,6.698879799138133,0,0,0.5153452408404091,0.36861418186869255,1.0947398838168583,0.3181463578744278,1
0.8438023603649831,0.4165066314704441,4.563273765725265,5.795940169121389,0,1,0.6652918745117081,0.4412903937238028,1.5020180631770752,0.34264581196556726,1
1.3526658776256464,0.5851968015435978,3.526553383483656,1.7730230438777186,0,0,0.4551891017591545,0.6060978494931109,1.1270746691079934,0.3030546783106154,1
0.7836838031014727,0.3367488664154744,3.0632218818554806,3.024312124071649,1,1,0.6318263325713473,0.3760706655641287,1.3733852981675132,0.36882443391394176,0
2.811734045696407,0.45304875725357924,2.165946772812131,3.168648127257283,1,1,0.3534782617597745,0.31979903627995676,1.8921176332289509,0.3310455039197068,1
2.6933483834524523,0.572811242204007,3.5197320062036193,2.7496986247833486,1,0,0.6741577958671194,0.8320701318510593,1.8797147414065654,0.7481110655009633,1
1.144854069287889,0.24100389119627172,5.265813952656416,4.605039617968062,1,1,0.600569327012521,0.26318908888577375,1.1193405290633391,0.42996448647934027,1
2.1499601150854475,0.5748913948945804,6.691524092242413,4.748876704157708,0,0,0.6765337571147606,0.731618443201613,2.0911126454168043,0.3671706057011613,1
2.5430555005030397,0.47515428892032535,6.35602241131526,3.4982018261977714,1,1,0.5706468934210025,0.7228210897450132,1.6295954558707577,0.40844831609816307,1
1.8880020289986559,0.22713482364206877,5.830323882676513,3.476524111155052,1,0,0.4453615727997708,0.4283284683070576,1.3318940073468204,0.7212565071930606,0
1.8241264458900162,0.3203854267787265,5.9422367162664935,6.799889185342569,1,1,0.6752724690098889,0.33137596960438803,1.502709813093205,0.5340721003609781,1
1.1046307272511293,0.4832688354581126,5.324924517379976,6.5250499382377996,0,0,0.4102267105236714,0.33737718802325406,1.6470997548128414,0.4641681433385356,1
0.7327569195147481,0.2269402405875087,3.301434287830015,3.1545708217652195,1,1,0.432869008824693,0.6684589703423155,1.5838467445840996,0.6930261560591486,0
2.7430393948833167,0.4328681840705093,6.535975153529149,7.396519107112815,1,1,0.5803233672006961,0.6356839546517041,1.4809670497506495,0.4777456217470646,1
2.751045142908326,0.3383532227811827,5.35366155952917,7.669705119017542,0,1,0.6061265198101544,0.7196474045508321,1.5069059257251602,0.4507538564809631,1
2.08275364318317,0.4483662071069908,4.8022031549022,3.287197794210286,1,0,0.6717613935396615,0.8124887034394628,1.0469766745990408,0.393277135147381,1
1.3475744776217518,0.21829681352500516,2.5549473460674053,3.4809746415513843,1,0,0.3819209636224838,0.6651564179599552,1.9378260660265512,0.4700085707592352,1
1.3730239365316521,0.5486147224609506,4.235277719032127,4.539439073953712,0,1,0.6191992140876896,0.3435109219308661,1.5584644479174217,0.44250796020761674,1
2.3148891971755985,0.5893955876709587,4.301791356009631,7.587845687735714,1,0,0.5954184213587854,0.39606557005924636,0.9835118063865844,0.6047867816841634,1
2.742775649881443,0.5875511421142765,6.3228180476133495,7.13423603199618,1,1,0.3255178225014391,0.7553162385238688,1.8726199422158893,0.4303122171018272,1
2.7177160606627933,0.49986073269716985,4.733241100938942,1.7179757380851286,1,0,0.45488925648408274,0.37558364550052514,2.1054215697282914,0.5597398858901527,1
2.4496888646440595,0.2520344960522528,3.902002744852048,3.7491152028999135,0,1,0.41310618282403944,0.29351339017268885,2.126229658931747,0.3296514742643877,1
2.1050791153857196,0.503305278371609,6.884001642553296,4.873598328248403,1,0,0.42179616974161216,0.6719680324253503,1.316624825375642,0.38608012051343144,1
0.710349912487622,0.20983476658352063,2.5536029666315785,4.52192730786078,1,1,0.6931787518218803,0.4915158132940852,0.9897236229850557,0.48333237222510694,0
0.9040717852365344,0.20884942061159892,4.112742141559723,2.3570414755582485,0,1,0.5571109653919711,0.8020240315275421,1.5257594772862912,0.7216271642589129,0
2.7463854713176983,0.3294440876598165,2.2101233758570267,7.011717398177083,0,1,0.5870704631173997,0.640153042656197,0.957652921088909,0.4697633935720629,1
2.016072649148975,0.3954572761618663,5.699520603834651,5.738585480977862,1,1,0.6906470549260036,0.30425138667499646,2.1075823859176643,0.5988333545399254,1
0.5229926290415741,0.5081629671231173,6.5903827609957535,6.865358623962625,1,0,0.45088071298305543,0.8187139403521965,1.0570114782972044,0.41478925008962914,0
0.7536788571650803,0.4733181506426021,3.400186647752447,7.011349955446305,1,1,0.6207360673811224,0.40513435818414756,1.1538722039316298,0.35716510918795424,1
2.1587544227701394,0.37836108255069933,6.291708383995604,6.238490975660178,1,0,0.47381238532179815,0.45232749424377144,1.3692911376389587,0.32634147003602254,1
0.5126539596155467,0.30945066651266634,3.4610911523094887,4.074474208748022,0,0,0.6478134687259919,0.49135624821012525,1.3364302559827763,0.4374360743442381,0
0.9020201285437466,0.5988498000630844,6.553850808219576,5.273827285107972,1,1,0.37226301652452126,0.28073457784258793,1.9125280493570447,0.37094746205860857,0
1.8718344734164654,0.3704725208943892,5.769809517983919,2.122557842838202,0,0,0.6790744708257118,0.5479092533383629,1.4388435487713473,0.3783047016072559,1
2.229737994231733,0.38055480973187017,6.024533884207193,5.715517922324354,0,0,0.38750868336435185,0.32399109464517534,1.0390755640046718,0.6423416887741276,1
2.1299031487565014,0.2654495284766677,2.0900327780022723,2.2547727901749655,1,0,0.4304882027923726,0.490582196013011,1.174093853680504,0.30712713192519336,0
1.0606732736513995,0.5179238194999718,6.81405178537013,5.857647133571097,1,1,0.6024768936427122,0.4604258727952506,1.512758739262531,0.5510145565809454,0
2.28044805336884,0.47747289031259543,5.633354960351616,2.6071871252777807,0,0,0.45750205662616267,0.713704050055902,1.0064354843965888,0.4707576212670591,1
1.0931227187420003,0.28830784511550417,3.5237554769306665,1.8228591010515398,0,0,0.5432845507065787,0.7319023069796387,1.6563179459044197,0.5279474999588463,0
1.3134992453981693,0.23295241824633708,6.146973324294235,2.156991431000702,1,1,0.47782940042777133,0.3420477294334528,1.5920462291716044,0.5532736067465713,1
2.36622851279506,0.4721997208298852,3.4076059920746498,1.013944946533492,0,1,0.5969479748359128,0.4699307124275357,1.800583242935161,0.44101546250577517,0
2.1240822476180368,0.4618044857124541,6.363769197830639,6.031177324974712,1,0,0.3913325009474443,0.47401189661909904,2.112786461531115,0.4327989870829284,1
2.623058526235445,0.3093038107992837,2.562901952059685,6.126807343408654,1,1,0.3233831948947508,0.34084626636165105,2.077156385541618,0.6300308322007075,1
2.1440322307508586,0.580345424900164,5.518429887303979,4.604533449392816,0,0,0.41997175898922645,0.7290721030307143,2.124505865296364,0.6920746446545207,1
1.920771508338679,0.2604231567123601,4.703492383224551,2.1295396073876858,0,0,0.48972346594737204,0.6743369970012539,1.1426018358331813,0.38666173460633757,0
0.7341869195702312,0.37293392041704077,2.482672350977204,1.5848803625748282,1,0,0.3672080208770714,0.36422907177822084,0.9841914292950965,0.34392844224081703,0
1.4192895076485839,0.5774463680670395,3.209469141294195,1.1339027650610092,0,1,0.44191891586255544,0.4700331451562794,1.223187380695028,0.7040081128764117,0
1.1630059192043136,0.3678909267704489,2.0620201813865737,2.1602372387565447,1,0,0.4599932073174274,0.3134830149139085,2.0531192418728406,0.4574529586413294,0
1.1099741084477088,0.4554103790656342,4.34383982732253,7.235988744882027,1,1,0.3229567374753094,0.6269239582558264,2.1608748644728837,0.5480928257982663,0
2.932526386881114,0.3590377591851177,3.5063263038000017,2.6907578919117725,1,1,0.5333228992736818,0.3228231547291718,2.0030549314986663,0.46179441503400154,1
1.482744311666901,0.30968608093946803,4.9917874214887945,3.4798992905205095,0,0,0.6537373711885149,0.8415605011749506,0.9540248095785611,0.3566110513557231,1
2.7301163879427834,0.5935910591839313,3.486189038543086,1.7374183913693324,1,1,0.36069716518122097,0.7184092448127174,2.1263991972837104,0.5651992402264776,1
2.0778465649931572,0.3637336025260172,3.4995955575349234,2.556529133237192,1,1,0.5391232053606055,0.484143129750397,1.3927012382911004,0.5363133832963334,1
2.487028258854121,0.5576396814716538,5.715965993658017,4.634571995461435,1,1,0.5658956819643385,0.5971383593676127,0.8130344070672952,0.39134710163603875,1
1.7565927327629802,0.2919818423564345,2.2407141798917674,5.254268781669568,1,1,0.46773387216771534,0.7968050897298452,1.4193512370474712,0.503341070093525,0
1.9422597115658977,0.28524188161003333,6.514474975959936,2.7174661991634776,1,1,0.580439034945708,0.5824595682374957,0.8644968375456547,0.6586263768070406,1
1.7312942345471598,0.21245363315380456,6.261319371955907,1.4041251145758205,1,0,0.4642926173964048,0.35469909183877313,1.5614290896255647,0.5656917463985511,0
0.9881074694951113,0.46066673015035403,5.339023416132033,3.7372300838917907,1,1,0.5018549151909739,0.4772220133486956,1.273975638411872,0.3436127971801477,0
2.3061302881537635,0.34741053748950446,4.966107850536922,2.639423596484339,1,0,0.3029412178217708,0.7558869190178472,1.4628089070316683,0.5466096737531108,1
1.2019309061021395,0.5457432999358548,6.4615124906982615,2.5368774626086137,1,0,0.5766880456538754,0.6365278095937708,1.658438505040364,0.6162322346803141,1
0.5607899160786346,0.38928396267662285,2.9266508976435723,7.719039618994187,1,0,0.5645370715778897,0.6404346306002802,2.0163215341449483,0.6567165326013381,1
2.1136807397679194,0.5872773711658887,2.394845810954143,5.314103401480068,1,0,0.3153603509305378,0.7700928914130934,1.7266622070607003,0.5831029103854201,1
0.9427766985176224,0.2742102062812485,3.1975508495476905,4.8981491022046715,0,0,0.4473000429580532,0.7863838344775028,1.4076684158694532,0.36869617404335264,1
2.8511464608822856,0.5474492671822443,5.9728913935009516,3.9104257246632534,1,0,0.6916127363166669,0.8018755430676617,1.9471989951385114,0.6195779699655724,1
2.8848214425064684,0.5106387411166966,2.1733513336324166,4.00261033401101,1,1,0.4682946250274467,0.30690951595189364,2.0678149926023854,0.6048038307366823,1
2.7871609755511213,0.5083687378576207,4.914034175417449,4.786335026866565,1,1,0.5007781620527366,0.5764756011778605,0.9676639530050761,0.3109920973232849,1
1.425396750638611,0.537913291246755,6.977187580956549,5.8750086492527505,0,1,0.6639720632638874,0.6943057127309911,1.5447061685739083,0.4852864504156094,1
0.5386415413221686,0.5044095963771995,6.278480469187697,5.915022673272806,1,0,0.5869047503463025,0.7041561070762082,1.1983167436394218,0.449827611133068,1
2.8207964064693134,0.45048812865256616,4.607228445217947,2.2018573539381467,0,1,0.5328280524496893,0.6140297211820023,0.8658856770277265,0.6012354289141395,1
1.5704603707932858,0.25249795107295503,2.3182045464332117,4.5007892645363885,1,1,0.6191218725364289,0.3500724011102045,1.7359653731595797,0.39726111553991433,1
2.916637047609174,0.2130104717965008,6.156867571928549,3.883706665238714,1,1,0.6457465065823893,0.7284523323649985,2.007879088442916,0.5658923653384162,1
2.909049942723132,0.5683391391262747,4.9948925408860525,7.093688763885689,0,0,0.4827552286949067,0.6820668001089674,1.0280637162683517,0.7109426828163776,1
2.6325236386684003,0.44666012580829517,2.5746649852978343,5.419932448528635,1,1,0.49004334597273413,0.3016814629294218,1.9373791206734607,0.6590110674938734,1
1.2361222301739643,0.5186149163904705,2.469286424116781,4.727528464911872,0,0,0.4544203742607343,0.5282858948046257,1.9947540269517186,0.7146559812974387,1
1.4627443215048133,0.39260894060502005,6.548134097182962,1.8077624952524216,0,1,0.6866824560073842,0.35438643971308215,2.0800766197330773,0.7403276851197105,1
2.627841678792142,0.2469232755849578,5.346001314690392,5.2394652252638805,1,0,0.5788665017161401,0.4524862274277831,1.1713991247204736,0.30480155715277324,1
1.292305012890694,0.25007431688102016,6.146433996583777,1.820427339761634,1,0,0.3332892264832289,0.2608486553234113,2.065534291265845,0.5802335743698649,0
0.9237318667152312,0.47422611489158856,6.394894501411336,3.3604460289602645,1,0,0.6451838493252073,0.49019792104645493,1.2489278566310054,0.4857777289915079,1
1.8920031561458754,0.3721223579597851,4.858861760241611,1.9998937537003232,1,1,0.4922239763345072,0.5799261526937263,1.573273218837704,0.6869345206508048,0
2.8403869354019524,0.2802098906801347,4.587231758775206,5.844515529170582,0,1,0.327501562568995,0.621749555696252,0.8707104591651951,0.4133166159041093,1
2.2400744916874324,0.3966378186965748,4.152137051604951,2.4437647968530682,0,0,0.5198869020653244,0.648094207077226,0.861433523716241,0.7414632701017843,1
1.9251529252234123,0.22568357483005363,3.5847329389555966,3.743015612316182,1,1,0.4668657115902808,0.751774787861476,1.8085224978250842,0.5761685862946863,0
0.7429412344269213,0.4327885607657595,4.172979804293559,7.269723443331451,0,0,0.6510997619450499,0.37927774436543804,1.4222719691689076,0.6570918310029739,0
2.0375180667479245,0.30759736177403907,5.869398278650782,2.430214683792792,0,0,0.3815978414437549,0.32228909346308077,1.1588093255169047,0.33851979877024574,1
2.975134625260658,0.5190236402548752,5.009617155075658,4.554635447711454,1,1,0.6305858437968732,0.7609223031387554,1.0665788944348744,0.38255604814148925,1
0.85021003809131,0.3241447835694295,6.462616449774231,3.934901628162154,0,1,0.5230754764741811,0.34396768893558993,1.7379348872029055,0.6412816528653915,0
1.795824130909342,0.38208805963272047,4.216900071895939,1.1268682873201081,0,1,0.3218441212853876,0.8348560488017172,0.8005621616354759,0.3098939349176956,1
2.6934326798198884,0.20464821596324026,5.03544789359377,6.54930679500969,1,0,0.6887381205301938,0.7555229376391822,1.928247636875596,0.6675950936522023,1
2.351921544385511,0.22897875511782356,5.156537765459944,1.483321344202198,0,0,0.50504609764128,0.5505259635337595,0.9109494485819004,0.30627705841136016,1
2.24253935248817,0.3569974225626739,4.958485811531627,4.319785146838675,1,1,0.416350741692633,0.8388528549532152,1.0680854608713672,0.5957034775775729,1
2.256210209967773,0.39197553388684936,5.5131688654275814,4.92474806457265,0,0,0.4877627367957032,0.3084260374648025,1.3407309534187255,0.4642922641043126,1
1.398727878049388,0.4400082192477215,3.1871673418740314,5.398985196302109,1,1,0.6431431134069956,0.43183945670506096,1.4788022356025452,0.5751726837236396,1
1.2339796106612333,0.31666503148372127,4.561818887728953,5.820421405155129,0,0,0.4219612497540254,0.6329346490243668,1.2969931621395188,0.6132141331451011,1
2.523402888696284,0.477992754450617,2.5211240140417384,2.772906684659006,0,1,0.3770705585946801,0.4600041210839072,1.2489970309780114,0.45411384863383686,1
2.525283486697952,0.5440489588756818,3.9225566382240626,1.0698514366091456,1,1,0.3516284987723526,0.807023531188475,2.149482416902464,0.348583101649876,1
2.6676807964502594,0.5119403955573398,4.438335343106322,6.064105636484384,1,0,0.4191437593560845,0.28937565290669054,1.698211553740752,0.3313406404867195,1
2.7831013813911785,0.21584753013934288,5.261121297727362,4.74959619543305,1,1,0.6120192348160174,0.5796470992365788,0.8328061375143435,0.5650212101531465,1
1.7783559971523446,0.3922027789031316,6.752655262931017,6.8528239224507415,1,1,0.48865054607810465,0.6045197604370687,1.4022462718220385,0.5342949091803502,1
1.753790736717999,0.24197207136726995,5.003255332741779,6.74971854030486,0,0,0.39099264147741597,0.6416368742663345,2.0250121796415588,0.6339904541045096,1
2.495737947416938,0.296818006345011,5.717969580882799,6.903283174515182,0,1,0.36647399984389967,0.4033997339990887,1.2220386609749352,0.5293809795017717,1
2.124909826944413,0.5946650373068585,4.531330297476014,4.395662619856781,0,0,0.4330917906041516,0.46873985651191863,0.9323788826841436,0.49010060551389556,1
2.2549171931442586,0.2569982171606053,5.170520156881657,3.3353987708580597,1,1,0.6759697491542835,0.7562083177989866,1.861738680225885,0.4791392302063039,1
2.4894816735902525,0.3995552613805424,2.3546610806688673,6.54090741813959,0,0,0.43721068503600974,0.3669656613820959,1.6484193647105139,0.31190110616895034,1
2.7250133545439157,0.44726229372724763,3.271957904209235,4.159058791204784,0,1,0.6952496303818541,0.7461207083040172,1.5984375109571056,0.4510007407634957,1
1.3449878921288394,0.48098598821764155,3.8092654660256935,2.284095374824042,1,1,0.49409218230614244,0.5875932537416455,0.8750071834503712,0.7392090708860224,0
1.43895738159986,0.4238594733947656,4.362466775032567,6.98481813693032,1,1,0.3716655673160603,0.7073125067164492,0.9966986137137244,0.69310000930219,1
0.7349548496021725,0.20390833896767346,2.2282437275119187,7.17791913740643,0,1,0.6564560367174037,0.678164419758083,1.6715691546983593,0.44822013016539797,1
1.945700352490435,0.33058452329759674,2.7001204877665885,4.264168292981191,1,0,0.48414214925393073,0.3745068972309274,1.0909533780423701,0.5645079322798674,1
0.5898556844918552,0.40708465735388455,3.384071538956529,1.5298980911685123,0,0,0.5838685374018098,0.5912876418603237,1.5056981116477943,0.6812835354909723,0
1.6639950453311503,0.23514659965793336,6.8576634545052535,3.7147826294185187,0,0,0.6934846332836606,0.7706338916830554,1.562834360441151,0.49857345153753085,1
1.8566115867689414,0.3402507724836723,3.6567350355152537,6.624763616238224,1,0,0.32007014012798957,0.5092697420811576,1.1969100663793153,0.3080810386875679,1
1.216353130320711,0.21328124351654665,4.4102052905604125,7.3124181998236,0,0,0.3386778239150268,0.82995446213399,2.12779521775809,0.33352970781838803,1
1.9770831514225269,0.2314313988620083,2.9804885636919645,2.4243091974831708,1,0,0.5881826965851025,0.5213290600610307,1.9794497495698054,0.529676724606918,1
0.5762506248476236,0.3587693104806384,5.0539003553788415,1.4688152841769007,1,0,0.41273000131818877,0.3356713820007308,1.811322910685918,0.7362477190541452,0
0.593370471873036,0.2530863016172241,3.4034160775798714,7.141453171929871,0,1,0.3737205587800396,0.48366080804660394,0.9091914129731727,0.6119442939984905,1
2.556501401649146,0.42701633930462324,3.0349628921921337,3.725834572852127,0,1,0.3157447519278918,0.8210214438343223,0.9485820270326273,0.3319122861473563,1
1.4004766035281573,0.47578598765490626,4.582863142229895,4.792326749872943,0,1,0.3087386847944807,0.4418325096039125,1.4898938842109382,0.38521239410633823,1
0.8176512816297119,0.5202346796436331,2.027528995802104,7.776460684355312,1,1,0.6097942412479163,0.7708588959202377,1.02499868886738,0.6470954144475825,1
1.805608150137011,0.28006009769792406,2.0383201632461265,1.46595309539956,0,0,0.35377337094781997,0.7787504090091338,2.1695716489412638,0.6786478919803101,0
2.424983882746527,0.2669930329036279,3.0953440455092887,5.538226052164669,1,0,0.4870882463884603,0.46011191459917666,1.0219283276383733,0.5779625637848659,1
1.0395525687421079,0.2418271361337601,2.183606812504106,1.5187379580240696,1,0,0.5423587260717931,0.2999545948303793,1.4824549696495637,0.5899904263334175,0
2.0572261895475004,0.45457209981745467,2.5401287706534568,3.6282824992655027,0,1,0.4713407202275385,0.684734745495291,1.3097694795781076,0.3127518526725231,1
0.71336866248442,0.48259029059476044,3.694303246693758,6.626701816354127,1,0,0.31084266093449325,0.43690737940839164,1.6951409900357373,0.6728386168116789,1
0.6292043029215193,0.21263445793025681,6.012928397899064,4.034305629289441,0,1,0.6134006010351636,0.7197541685545434,0.980650972445195,0.6547238436768733,1
1.82838657892037,0.574484898497476,4.860243216846504,7.980276477320653,0,0,0.3042052898166614,0.5155929089562599,1.4024429992593475,0.41656581484650623,1
1.8515878040252662,0.22078851346058898,4.563338629782082,4.913414994626216,0,0,0.6047559577509936,0.5411600454055729,1.1845870459300012,0.6189045239844781,1
2.0935747537455165,0.41651853412042816,3.467444116040608,3.2481350684516745,0,0,0.657321797515249,0.716745644049122,2.0428521345403636,0.39668457289124914,1
2.3152283343066538,0.4836242077803666,6.658768597164082,2.540779281333272,0,0,0.47313596842286887,0.47941799863697676,0.8568199969885731,0.31814857247318085,1
2.9396301986563365,0.5483876494984342,3.9850752061859582,3.4536437400031326,0,1,0.5142169892391193,0.5158764071937487,2.0792184916090433,0.39051144416566974,1
1.7907508707529882,0.48563477285297113,2.4354638339788575,3.6077329163168557,0,1,0.4907933570470615,0.4757142812617733,1.9661917939742006,0.38038299453943475,1
1.3073911823531148,0.5206912332279168,5.085332580589006,1.4809957440677268,1,0,0.4556834474493755,0.470404309166368,1.2165990030171416,0.45198659853068124,0
2.487965486921759,0.3357800770171224,2.569191967383007,3.5870193959874124,0,1,0.654969814148144,0.5655679461408756,1.9050069165479466,0.4883022737289561,1
1.1770806281551855,0.5259300454986049,3.7261157140084604,4.249669638174574,1,0,0.6575734042679962,0.7352796667006904,0.8436989844742466,0.5288425011739686,1
1.5974285517640903,0.23204593855387007,4.537059693589044,6.059164265671632,1,0,0.4343265458566138,0.4670609871535395,2.153611770410751,0.5145392439787477,1
0.6961409533556648,0.557926662424211,6.371112623425879,5.597106393051256,1,0,0.5460279016058791,0.5645528323226421,1.5372329196257053,0.4218035726843802,1
0.5633768585386438,0.4190369504614945,4.467732901700593,5.96135958660408,0,0,0.6707630248583456,0.6524363952655605,1.2245934364916233,0.3131268008583335,0
2.906621036694813,0.5269191079849975,5.511293830158321,1.0585457731379997,1,1,0.6848233995765406,0.411663667782193,1.307616497632548,0.5722957300067177,1
2.5899503012805147,0.38092731380732003,6.964084194995352,2.523671797063752,1,0,0.503583616168819,0.41651368294143554,0.8929674948446964,0.47808517343130946,1
2.239935515234245,0.45743107807861,2.657445599489908,5.631790018798996,0,0,0.4811299221137307,0.8100478762140728,2.185089319658855,0.43440247082439737,1
1.5223823610356746,0.4105610643744453,3.3736576275975976,4.38792557725823,0,1,0.4114777263714103,0.6841207439986532,0.8550087232109694,0.6901234692737306,1
0.9332358001771144,0.49263580870213275,3.972880377988232,1.0371943296784216,1,0,0.6835487492761639,0.5963120057339852,1.716869972407003,0.6360344885091719,1
0.8910926066777152,0.23265199281223584,4.109140892694157,6.631462497022756,0,1,0.3571257217891469,0.6386320326523671,1.4198302987890417,0.685994496767599,1
1.1256072454114883,0.22414083359622552,4.055105376327729,6.409667013032362,0,0,0.53193183041909,0.267579665862051,2.1284827054642013,0.5227422576206074,1
1.8730666617653011,0.2988412936040586,6.538055012782775,4.8389341409549385,0,0,0.4130201070074555,0.6208617793370181,1.1443996364295133,0.3589190634570498,0
2.286489806750156,0.26381787204527535,5.570163222334282,1.4652432804339048,0,0,0.4116033161391186,0.5557053239345211,1.544921553513216,0.6132996462545726,1
2.150493441794328,0.5487134266368807,5.039526070453519,6.365605346728093,1,0,0.46198743495047534,0.5774498078676613,1.4752986920158544,0.39273320097172887,1
1.1998347423648572,0.2876855949432177,3.5468635893139107,5.085995114119548,0,0,0.6995171743262618,0.46565429609849024,1.784013021670142,0.4985533510912725,1
2.887163201657985,0.5903461023276525,6.118951921106474,6.473719840105714,0,0,0.3219865227359288,0.29888433862776514,0.8952143247333888,0.32925035502699984,1
2.344742291739421,0.33475831670844275,6.775302557424944,6.2622289467708825,0,1,0.5314167272814125,0.3660035401672313,1.0713047820326969,0.6713887810903421,1
1.8858851312785017,0.2728471662754797,6.105991412751132,6.62101450370486,1,0,0.33302886321411085,0.820446827927603,1.10039074812999,0.35667328847137525,1
2.0293018655858805,0.5158794028569916,2.0078255259573643,4.626056464832374,1,1,0.36180833199620754,0.49521973736256036,1.8334110567783657,0.7063938781721893,0
1.5490001560694748,0.46348311020035043,5.182006850917035,1.982271627354605,0,1,0.47582517670915947,0.5300098934985185,1.064794174857436,0.6889037710177007,1
1.1193274737528935,0.3992782865812556,2.2556769072105034,5.698102313657821,0,0,0.5041840525385765,0.2816258739120634,1.6028884694473673,0.5090622439976608,0
1.389931696628154,0.4221454203750525,3.2880361016686095,5.343316495363794,1,1,0.40351696334580955,0.27253973772638834,1.1013413487013353,0.6349656919367959,1
2.3946152761609225,0.4876807113089055,2.297623501738858,6.19577231039361,0,0,0.42658285234976645,0.6803088682280546,2.00627493011757,0.578750283218169,1
0.5359837215743897,0.2913818965325195,5.018977264746939,2.1891670423551473,0,1,0.3347868081023732,0.5728567984726667,2.119059636285494,0.6613840390519852,0
0.7901816012672906,0.5985335664226967,5.432949567463034,2.3648263993020247,1,0,0.4212879135377002,0.55522359052976,1.5258901649191368,0.4943122953536604,0
0.6150066050543819,0.5899172648587132,2.5724381903295255,7.232866620535299,0,1,0.6866233757522175,0.3958747182536012,1.2932324378928497,0.6536138179099575,0
0.6018220057974253,0.46013027453877475,3.919194415224897,6.249844589164495,0,1,0.6778829526689927,0.6968504389779533,1.1276808850244988,0.5081055676793166,1
2.638651460027518,0.27981698037165803,4.28118254477771,7.35759942090226,1,0,0.433951316054794,0.3509419474650951,0.8696934021322613,0.7234346045292572,1
2.259144648450059,0.4720912969725165,3.845265108804583,6.311007248147445,1,1,0.5283415745115045,0.363960846196612,1.1759001066764936,0.5188674453713165,1
1.685434572718313,0.22887936359167035,2.6051250024259653,5.180087141932113,0,0,0.6638381564443777,0.5264273028089652,1.715930091923445,0.5081786723701782,1
0.7445854016275038,0.21226100088232244,4.094738950937377,5.578929159195115,1,0,0.30247352905635866,0.42176791726716456,1.5470637038328952,0.6532823377035808,0
1.7290396877920808,0.3030731554044855,5.75589023904209,7.2238954675800695,0,0,0.6242734281350367,0.3984777887398878,2.1216577895932986,0.6697099612923771,1
1.6836794269514141,0.3850491826957265,2.355038322666277,5.051647281583584,0,0,0.6793478211155676,0.637142586731999,1.354788167488381,0.5495201014445268,0
0.933004674775038,0.5473090021633522,2.4009000704095174,5.426739270298712,0,0,0.3365302937334228,0.6405830471311267,1.7714086792597525,0.38090901607278393,1
1.5846291230949325,0.4908676279065232,3.773856459179921,2.095337012025204,1,1,0.3645790744131684,0.7447102418799575,1.48505184646517,0.5104912039309107,0
1.4962618359934337,0.4970826084799924,6.708628558094626,4.317448540812719,1,1,0.6842985211085422,0.5006251401837856,1.5176067022938964,0.7356326263093553,1
2.039625245130541,0.37019733377923014,5.342863233614571,6.014779783706693,0,1,0.5150160574561384,0.29385105461569017,1.1748840404457646,0.6388437868676333,1
2.087734127169109,0.3383739970187852,5.393349783362824,2.896598888214558,0,0,0.30567865378868947,0.4141998309528746,1.4369310875787997,0.6650231717456094,1
0.6132600244301113,0.34841550519384107,3.809599954189325,2.4157792636717446,1,1,0.4030527995054116,0.8380032779180902,1.4590989958177902,0.31477147446865805,0
1.4365315365661782,0.595059825494423,4.968303956042693,3.196787657570909,1,1,0.47997746970754385,0.6077551451396213,1.7892995304485075,0.5105367581853719,0
2.064649789285591,0.21604367656499301,2.050655920138717,2.690504395949834,1,1,0.5771635644099071,0.6758422508806121,2.1168959988605596,0.5909795101458999,1
1.7578406464502192,0.5468125984489793,5.180480232047711,2.5043884592547707,0,1,0.5932641512547199,0.2544146977752487,1.261049788475506,0.6735147076326335,0
2.6412246029708055,0.4314701634289574,6.566434737881184,3.9739559000766085,1,1,0.6981686051701824,0.5609234393095125,0.8590806560138179,0.3221731441122472,1
2.146734079047363,0.37544616767583616,5.062867341724096,7.354869597184739,1,0,0.4150044797535036,0.27251719451908185,1.4948131757008958,0.6835974985388429,1
0.9073360677035742,0.4901030641660546,6.368492967331726,4.549417527171028,0,0,0.5152880407473901,0.5915381272548688,1.562245865008836,0.5467804215338603,1
0.6764218685010746,0.39466757656988116,5.619865277330469,2.3154426657072613,0,1,0.513329419143842,0.8024625097816452,1.0358167715846813,0.388791286759227,0
2.106048195515789,0.5493692952326642,2.602792082018451,1.5388016856661184,0,0,0.462258103778895,0.8310514783002447,1.8646504487864934,0.442764847402365,1
0.5662782763540546,0.5602807456045034,6.512266536429209,5.873093015965477,1,0,0.36766475753696803,0.5743316052333545,2.1789007518180883,0.42686829828820233,0
1.9644389531836581,0.36868837074938215,2.3322192217788746,3.679591351054715,0,1,0.6909826252735369,0.5249228831513295,2.1240846038118457,0.5388865654298141,1
2.850575603562394,0.3107311188940206,4.669837362738819,6.752816626097514,0,1,0.6413268746666344,0.8170102565490964,1.0759484543531133,0.3232585559600093,1
1.9386854446896975,0.4369401314373449,2.7106856189672883,5.616575380485392,0,0,0.4993332113176948,0.654165899198017,2.025508535861065,0.3713412713249656,1
1.4704248155163047,0.5649453382466764,2.0585330536545206,6.573690153789579,0,1,0.5412981690736118,0.2889395677230457,1.7862910909763587,0.6657118695191021,1
2.108220546105883,0.28426487560226665,4.110171300638195,2.9036222759291412,1,0,0.3909044214238649,0.5294353466004985,1.4353851893296763,0.35967179583606496,1
1.6456322262287917,0.4491866334253931,3.4752035382707813,5.846512457227407,0,0,0.5175148281566987,0.3941470110785823,1.5568553920546209,0.4050283212561571,1
1.8640419732898375,0.4526240880370082,4.430002468988015,2.8484338928560313,1,1,0.5779880532485904,0.5318825928692089,1.9894402449754416,0.5040167725218708,1
2.8536620219413127,0.4932452089661124,4.885999433672755,7.573479356152041,1,0,0.5060668113546355,0.523279343203817,1.4721889154937227,0.5327043996509987,1
1.4652565945019356,0.2526270740509039,2.2186953615447367,5.454619970733621,1,0,0.6961140682339765,0.5992868816888453,1.3224903167471775,0.6436247158263714,1
2.9029764095597854,0.48632998587283544,2.615016475618728,3.2715826012273945,0,0,0.5445366624990904,0.4640622942095507,1.49054649023638,0.5012995919997845,1
2.7633766048901593,0.5636130082662564,4.793211982252126,2.8865830360459084,1,1,0.4483894850368676,0.34856226967355686,1.6107817256490689,0.6554390794659924,1
0.9894778369732411,0.2718732435480968,3.7158367658632914,2.3364860955015043,0,1,0.6088608110463352,0.5522316607539737,1.0647087152896884,0.5782558381704559,0
0.6734032521879136,0.29501732996955105,5.64586743774724,5.862486712256095,0,1,0.3681850046326568,0.7481217306074572,2.0612708223737872,0.3508948827407201,1
0.7519450034435666,0.5885580376166558,5.261458242959698,2.531009290985491,0,1,0.4538063254825066,0.6484073368405614,1.7438617283614595,0.37034914727677737,0
0.5455545641288744,0.2723907810837959,6.228021814949534,5.167122861492423,1,0,0.4387835801510343,0.45302071955512946,1.6865764842724846,0.49666517645239683,0
0.736107401889821,0.5417540373478316,5.462464133346126,2.8524451884775015,0,1,0.4727228380431109,0.8113138136553143,0.9392947166528934,0.4786002268900678,0
2.207516933540892,0.3969111425792139,4.149655386950741,5.63378261355708,0,1,0.6127119303714905,0.7973245427495093,1.6458435134416285,0.6345949213367825,1
0.6779716211505724,0.29889242976127084,5.364833111972162,6.704578099783775,0,1,0.4936692128653629,0.3756090396304592,0.9693449271338893,0.5613317129088083,0
1.2974390757344032,0.5482999605090045,3.3769058712770925,6.446176702012572,1,1,0.617605780106385,0.2736505510722178,0.9101767452735587,0.4746598864510122,0
2.6121882774236362,0.3781221020010662,3.5315674938910635,6.325959316515472,1,0,0.5305955612559463,0.6947852250104574,1.5382352538993507,0.37684212755267354,1
0.5581798393395647,0.40592694157187603,5.944925799603967,2.3140568398457644,1,0,0.43682777386302213,0.7465661568094919,1.363899747665093,0.4020766960464728,0
2.5361712064723396,0.3436933477599063,4.232097582007911,1.6186946288916308,0,0,0.6239914974733889,0.8307187395708131,1.6243343782187125,0.5589754583110765,1
1.2046369369335,0.4371803405739709,5.991901702591763,5.892641799411699,1,1,0.3953158682212366,0.7839018364529864,0.9249110352801341,0.49054746220490664,1
0.7954120690541406,0.2654095490340091,6.112111868341392,3.5784304965604594,0,1,0.3897531919199182,0.6103208609238489,1.4033762879861618,0.5317173789873024,0
2.241842913410377,0.3564326146607043,6.287811688306419,4.026423584823431,0,0,0.5018011696219342,0.5680314035274285,1.0447014010632212,0.37680484588600516,1
2.0723571169497097,0.5877649289341149,6.583176179206037,1.2180436495537375,1,1,0.4043396983848355,0.2667046307575518,2.1819401202937634,0.5983078135550546,1
2.6936800338176323,0.303253373080451,4.154926102566481,2.8170351449253443,0,1,0.30363481398048653,0.39799386810686666,1.5856102974092443,0.6836424333851852,1
2.3376776095097145,0.46269466581651686,3.594334091605694,1.2357348271212483,1,0,0.5593190109195205,0.5257688510397558,1.7624116053172143,0.41607277805410525,0
2.5087023259621213,0.3300760256898779,4.910993732970569,7.154300408208734,0,0,0.5044375285889592,0.6271023400501408,1.255585592955651,0.5211814016243219,1
1.205086431428266,0.5093892502746402,3.855862117188138,2.7037767825297134,1,1,0.47820712579726443,0.5843510999910464,0.9326344806910819,0.7389872980594058,0
0.943598859449307,0.25234946428733995,5.005370834001164,4.901360187011056,0,1,0.6867874058473261,0.6955815938090143,2.1662192078969515,0.44995878324782745,1
2.376536879102146,0.5879284180314179,5.527929313219123,1.2728552446279129,0,1,0.5284796735851655,0.41786015853222447,1.2007626495364565,0.5677708552156926,0
2.51708684816816,0.3815158165534557,5.4420250924606846,5.667931739139607,0,0,0.6453726311157537,0.5889715645914839,1.393331459243004,0.34058806509010997,1
2.9762628550016834,0.2944201853385856,3.8727644351006068,3.261191420278657,0,0,0.35578009448206405,0.30288534603447526,1.7098094903836052,0.5727067511157494,1
1.5315441922785662,0.22939869893200507,2.834301008493764,7.28543430870366,0,0,0.527682585251771,0.49819931414992413,0.8345762167605558,0.34033429798707804,1
1.430045214481958,0.2679031620350163,4.152646692311038,7.216827322538251,1,0,0.6471918506923611,0.7000964997727606,1.9343627827242018,0.7316559458957199,1
2.441032401854992,0.407909579422407,2.712970720409544,3.2770343285322343,0,1,0.5332423029119592,0.6660405120574264,1.5512094660400684,0.6220481934325401,1
1.3520088506325445,0.3348012705725145,6.450485175919042,7.306726269833275,1,0,0.5872056712508006,0.8443856423033074,1.189504061896351,0.6546719046610678,1
2.826893314008912,0.5315533463530437,3.729387303689287,7.973103714491452,1,0,0.44881742712488293,0.4167346755926536,0.886251179409457,0.6168469623472366,1
2.6460318796075297,0.37235500946472233,2.772298736116619,6.777909648867636,1,1,0.33697980681482664,0.5489135795043875,1.0274977816642181,0.5653780662344097,1
1.5724850684375458,0.29948570903505195,2.1272387995287545,6.914099434286603,0,1,0.48316011805082854,0.447718248264398,2.053047402394812,0.5024607514884774,1
2.377177669478743,0.446857994641612,5.2291119314324215,2.7430611527636293,0,1,0.457791756335543,0.5143618684355049,1.7604339135102476,0.6862680208924781,1
2.386357185211706,0.48271088675417834,5.184511587273716,5.036916792004294,0,0,0.6468240729515788,0.7641700779216328,1.149862410291646,0.7305760503943783,1
0.7578096720898315,0.26681676316037994,3.7030208329064584,1.470791397771575,1,1,0.3975981209409889,0.660525445113092,0.8918410709230414,0.5245662778068366,0
2.7563822666989166,0.26704768651532707,2.358559444238255,1.664425557751688,0,1,0.6866936910140432,0.779464714808549,1.766861437341291,0.7191907721198678,1
1.7631309311196428,0.2146685707734172,4.04814447447616,7.9922482842330345,0,0,0.6832552479217984,0.37210666499913186,1.6013708163548714,0.5624998094948328,1
2.566143665269354,0.4945608060262562,3.556087475316968,3.2864747459813763,1,0,0.39905265722857547,0.7740166707048628,1.3663273342415292,0.5422728841033949,1
1.3001240025765295,0.46552181104872203,5.385603198675047,6.237287384341925,1,1,0.4392207821909282,0.28585736450703064,1.3090560288660895,0.5045172298299105,1
2.738808071240501,0.38985235029992554,5.028896247263452,6.646655371187715,1,0,0.658222296349554,0.7831595682622914,1.1035399863007518,0.3941794926885539,1
1.4730041968354077,0.5376681795876788,3.8229686409876997,7.006162897050604,1,1,0.686648888358443,0.44744426767643675,1.7374557591525248,0.30167384736812664,1
0.5270941287007459,0.5222680611800212,3.0894627712749507,7.983398081815095,1,1,0.47737564113441755,0.43875258004843987,2.158935238911419,0.4086778020852276,0
2.7634549410481593,0.43414174575870085,6.940179830777959,2.690475396798075,1,0,0.4283988182563591,0.5572531460191983,1.0460013441715563,0.5293754272216044,1
0.7282166919653339,0.5473085122053034,4.270008105980574,1.282455788017898,0,1,0.5104376053006168,0.814414112633939,1.6359632680217049,0.4709819785168886,1
1.2982840939760372,0.2823364840147073,5.441371178901186,3.878340625962102,1,0,0.575107682546294,0.2786688188088432,1.393859078044367,0.5018183526011852,0
2.8751549176270124,0.24476784775909116,2.702764837891804,1.9105646888026286,0,0,0.4093898061499919,0.4613385850424472,1.425364210442531,0.7412916988038223,1
2.8765178673438903,0.30789984460679587,4.427948498296989,1.1569812241343858,0,0,0.5945892698476292,0.7639431932100014,1.1558061921789402,0.4576225668011974,1
1.9335947203082153,0.22283474243572596,2.1376835993473273,3.5229877899904025,0,1,0.3206629428458564,0.48763268646128,1.9551888259259869,0.5034823227120485,1
2.079593030424498,0.41246781120041276,4.52727558955225,6.486167757526655,1,0,0.3197177971057666,0.3694941385582402,1.4793578458061378,0.3600819981087688,1
1.6211138049457994,0.5746422769179846,6.820087035588512,4.963264838575496,0,0,0.45451508205821806,0.504876508798847,1.5607681930775699,0.32158097959664445,1
1.2330269292451614,0.21573741626740386,3.921033564929001,3.189445924472478,1,1,0.4413892768242882,0.48133150089500154,1.2266652779162561,0.6489342815666226,0
1.32166136342479,0.24884396560401073,2.194980062874558,5.580394038449038,1,1,0.42625328614686087,0.799249720880022,1.0545318519337297,0.5568074287823903,0
2.181296140192596,0.3808796113133741,2.1547789545967175,2.624127262161675,0,1,0.49640790506756394,0.7071606254458582,0.9202745434839488,0.6423171627197528,1
2.3809363235942,0.5735500070111619,3.9399337997343475,1.1006701225045952,1,1,0.42829343292462846,0.5530693334464039,1.7997667972948825,0.3674382594989482,1
2.478947609314621,0.3264624419907002,2.8001246823159702,6.350473705054991,0,0,0.3769031673872367,0.8430223400329426,1.074727994362998,0.557322947032211,1
2.4740453569863847,0.40289392347535696,2.1167604816409296,5.366201594048063,0,0,0.4237878196354403,0.529166518765554,1.766105495864317,0.414139113453619,1
0.7280152576217259,0.21662914362015684,5.781068069750884,6.3361183715067195,1,0,0.6899617091240939,0.28494269849216514,1.3465270244657355,0.402627817605009,1
1.7360507617564536,0.25933728038483556,4.2926150444094535,1.2725661168136593,0,1,0.4644453667979394,0.4073645930889909,1.382084721385512,0.30518670632384337,1
0.6438969000416107,0.5946520491835388,3.446223859863273,6.859837394814566,0,1,0.4778851107433343,0.5116422881315876,1.4568484945298805,0.3586533256060823,1
1.8738222058093388,0.5860474785744182,6.500415915082404,5.336683400254123,0,0,0.530617995980456,0.3441415744876721,1.3147919113785607,0.4391706501748629,1
1.6038262534334424,0.20197599237376385,2.580694801002628,4.943767454988481,1,1,0.6933363073656906,0.8185390757944258,0.9408679681116262,0.35259544226592254,0
2.7192604568957495,0.5807247141692955,6.779594144776596,5.372298336801721,0,1,0.39664051057430516,0.7101093386906638,1.2334845340039842,0.7436362981849218,1
1.3772875313801967,0.45564797512620014,3.569833586886764,7.051032728078549,1,0,0.5725128442129734,0.4109723202566636,1.729228104971514,0.43888469183577783,1
0.7926675410690147,0.5471673178080088,6.442018361543406,5.108555545912349,1,0,0.5863938774166897,0.6044827201107494,1.7320981620564195,0.35864577601604763,0
0.8574792051320896,0.3818959422535436,5.014714382397308,5.066652659217255,0,1,0.5429297667172264,0.6828694942657432,1.2007140301359922,0.389587040772581,0
2.4037765792936807,0.4062384114317001,6.133536798707437,7.934754099460361,0,1,0.3354313358546576,0.8147673573440788,1.4441436771807634,0.5644664527536645,1
2.0455451582906528,0.3955386321027681,6.920065816052322,6.297111169479976,1,1,0.5707489103310306,0.7789812095052464,1.0708261192167126,0.3288195857391548,1
0.7528066903069757,0.4667457030184417,3.4420271890937286,4.096056638157947,1,0,0.32563788441447017,0.5591153356829281,1.0945209141417702,0.6880953585635206,0
0.7102670152874936,0.2558605019025252,6.805677427037965,5.951779000230494,0,0,0.5384570598199587,0.7147915718758105,0.8322659237692505,0.7326748556567163,1
2.2524228286478,0.2119894359490712,3.947409474512102,3.7246133018425196,0,0,0.5958324708886971,0.587286852296551,2.0554451698708425,0.41103633930032135,1
0.6819075159104838,0.32317197663647634,3.9275595236846117,2.602128237384493,1,0,0.38438795624798017,0.5816223340273241,1.0949893311048688,0.5025428708658867,0
2.5546501482258908,0.48187230509465867,3.7019355212725285,5.177963138214316,1,0,0.6366488030171096,0.31884517500291515,1.1185474277110488,0.30996050296327365,1
2.2656055678912406,0.2807413808491793,4.707038036737925,7.4972746867976605,1,1,0.3121415222132017,0.32568259480969125,1.1914420057031847,0.5883196011272497,1
0.7033719516047494,0.4693729733299669,2.7707252158924356,7.503976640108239,1,1,0.6375251454633224,0.5677201690134744,0.9783713003736006,0.48626672612366495,0
0.7120942852129798,0.5879648184429082,4.768557426790056,3.3933369467384322,1,1,0.484131620257106,0.41131692698740396,1.6949680364539081,0.42152630974570005,0
2.9665989462529385,0.23756028631576737,4.70852406205002,4.693742263551865,0,0,0.3870351759726578,0.26262214147628116,0.9052001344486212,0.39307669977747384,1
1.4356769893903008,0.4690408472900505,5.80950906302435,2.481451289989028,1,0,0.3535112579975872,0.6837035223401273,0.9878833968568904,0.5943103849464422,1
1.4266053676672272,0.3775000877218284,6.168249809687928,7.969417766492184,1,0,0.681322867032949,0.269491958014099,1.7026594172261302,0.4872976639645415,1
2.5319989181437563,0.5472569017510021,4.20220675156212,7.86782535507555,0,1,0.3290662350324627,0.6071661046624327,1.27552486867402,0.3808466800634604,1
2.8681214434596467,0.27085991577895435,3.5116662467574686,5.546562507952132,0,0,0.37963736797437025,0.5735162764763886,1.7911269573816648,0.6100990866690708,1
2.965002659557177,0.4770503808904658,3.2966744865854722,6.630898417742314,1,0,0.43912893897321836,0.8312888143466827,1.580394642538199,0.5542825273665122,1
2.3834454631473543,0.5352461158592441,2.9731191835243598,6.0057011289859,1,1,0.5480939395844482,0.540527883608585,1.1584296422861184,0.6864024247182733,1
1.4406489638272895,0.5778456877896092,2.2882379109951243,5.152107533276277,0,0,0.5179204341104393,0.28816086182667844,1.7111591306850595,0.35286415449442177,1
0.7087517917466719,0.47329921131585834,3.7122398941735666,1.3734359789222839,1,1,0.3502573969649256,0.581012780683877,0.962783152410033,0.6535499708750052,0
2.442867289818592,0.3988699056033709,3.3512384606539163,4.183350397868628,1,0,0.4158911934952858,0.7546577023696608,1.5509745363120429,0.6030825540677666,1
1.8960106243395125,0.4471388960804855,6.8320869293320365,5.723504115171874,0,0,0.3955007084344096,0.8481095705688639,1.4120073470630485,0.351754921572644,1
1.5605550231174408,0.5475619937914873,4.7885441312502195,5.742721297185793,1,1,0.3854171417961365,0.5082059042134435,1.1750230159444173,0.6126693284422744,1
2.76588596273684,0.42824389865553186,3.736385195152538,3.6118583289566852,0,1,0.4644577345919948,0.4421792454980455,1.6456069968353004,0.4986962799959237,1
0.7779937057653783,0.21215482387873474,4.90233800496848,7.591843906606214,0,1,0.5816125810366628,0.7939919781711994,2.0198670292763956,0.7252431535001294,1
1.7315627607271478,0.5723794782027911,2.6959835067284774,2.171499225657467,0,1,0.3869811728868944,0.3647452774456728,2.198466579668308,0.36372510777805467,1
0.5283841119185477,0.47581070041262447,4.220218746011015,4.502516123508924,0,1,0.44667155188119256,0.6192573490197559,1.6508678762407945,0.589275025867082,1
1.6716516049853156,0.4706053543108986,5.131171607105319,5.8361878358557595,1,1,0.45636697073646487,0.49342865450856865,1.3665882240608385,0.47189102045832565,1
0.6407581892045934,0.28627006095908686,4.4444891589622575,5.879950641242664,0,0,0.690582611774164,0.27464941897333317,1.1152899403026824,0.7305666017658949,0
0.7970447906701799,0.46355418809306287,4.008894003271621,5.540472697381709,1,0,0.6818665427516275,0.45837308458341863,1.1599345251531565,0.44848870288062437,0
0.7938156169427621,0.3575457622616634,6.969241944498491,2.927017494163021,1,1,0.6200550331008303,0.40913711350160475,1.471236969409672,0.7329836592713102,0
2.123025755290159,0.46049319081659684,6.401573810744635,2.093445980806354,1,0,0.396663568327674,0.6616546923660921,1.3141887817929931,0.7056686329953371,1
2.3651121981635583,0.2426372121231963,5.117029790797201,5.451582287786976,1,1,0.3272149256366679,0.8192742986151509,2.0793403316749224,0.42167245588979535,1
1.958421912742899,0.4631381218412144,4.846886805911414,5.1951148129760645,1,0,0.42676165508824987,0.41082831242718265,1.3156136547179935,0.6615937995718925,1
2.9054313711863546,0.5997654903082665,5.103302399122921,2.255492072024687,0,1,0.40671781977353233,0.736879563491009,1.3228224276036098,0.7480218908115777,1
1.4371764488092602,0.2192848155442224,3.0065605391121664,5.935974018993943,0,0,0.5023703200585575,0.2832158901630457,1.3369483174075678,0.4136983509770771,0
1.214280215704652,0.5908696736885268,3.975688716321593,4.186203942135595,0,0,0.6110911640271173,0.5728726060238879,1.9712682945147215,0.49654972619549387,1
2.671497820473651,0.3627631842891482,2.1972976644544966,5.674324141222071,0,0,0.6433291755515431,0.29233003822593673,1.7111036491856626,0.5340813314550419,1
1.0589895962986315,0.5483013801349037,4.377730187434134,6.8615695583910545,1,0,0.6379456341642034,0.8104197946783835,1.65983639044645,0.43271901111173894,1
2.9080563486015283,0.5129541936233093,4.715122919788316,2.188099000038462,0,0,0.4438702244892271,0.7098107683344341,1.2678002313374073,0.3068691778407134,1
0.5303861867245409,0.4268065043946671,3.138748680516048,1.1340140759778568,1,1,0.5748937373842731,0.6447699467227554,1.9450658475654155,0.399058159888887,0
2.9246970667690975,0.4953796837005306,6.820144235827569,6.453718104770507,1,1,0.425133679009688,0.7443378289747986,0.8537094058979816,0.42687159795379126,1
0.6078997798764403,0.5514062245205391,6.54727305468621,5.2678819760683115,0,1,0.32436221729407305,0.6385118773420979,2.0191160412733584,0.4996198655931842,0
2.727857784245178,0.3616561286604132,5.61071617727953,5.897476987354852,0,0,0.5806261062411768,0.8313666383045747,1.5178498597115015,0.37699611528603083,1
1.8192527727157497,0.3308132646252955,4.666933143826813,6.867084824920498,0,1,0.30393102102791514,0.6783747687188628,1.357550328808778,0.6929644605112526,1
2.982411990298251,0.46703735422543385,6.349845798238425,6.6196765437715035,0,0,0.4636730349833954,0.8047951657493481,1.49603419300476,0.6172100097291012,1
0.6844914118384972,0.5231383767765034,2.6532617191173147,7.726441028501773,1,0,0.43175170772083027,0.5602791352063827,1.7343817427473636,0.3383402149018479,1
1.8846357110033019,0.5049140539106463,5.952548971374425,4.751545551964828,1,0,0.577351015407541,0.3202386477891176,0.8178715971250563,0.5925416030129691,0
2.9232563390477475,0.5191254595434538,2.6241040698342415,4.419469428619338,0,1,0.6064981891041515,0.5669066328538103,2.0201725990415467,0.5941454143825291,1
1.807744610425372,0.3742333259251732,5.971053312747027,3.8132103992351105,1,0,0.42163785438851353,0.32612369683785597,1.42543533543595,0.7302995281396325,0
2.073496595338156,0.5271336864700087,3.378837841256785,2.075837299909432,1,1,0.6246508057779414,0.605496087505843,1.2801531275801095,0.3013593921102726,1
2.239371722461543,0.2480836221482434,6.385452905090944,5.008250630174157,1,1,0.4175667042019735,0.5394958363165978,0.9935437918876799,0.4115696024126132,1
1.636352661919433,0.4177956391843398,6.7202104691269895,2.9390876702818516,0,0,0.47853054399462447,0.6235452386996689,1.415251524101819,0.7175061657188919,0
2.0688952002101586,0.20230346419924863,2.743979847025578,7.449152585490828,1,0,0.5908074108056536,0.25602818863289895,1.4948518797981305,0.7194602619292274,1
1.9607857798077506,0.32983433196010814,4.313378025326967,5.082335629939683,0,1,0.5771680916899153,0.36690429499321847,1.365105372290869,0.6242638887167868,1
2.7528950262274723,0.34658461394855916,6.904936890813426,5.149881263556771,0,1,0.69494738892488,0.5447982591472785,1.7501241313576559,0.6445934944713929,1
0.6136159508536447,0.35846907664370214,4.4170371798657335,3.48447262613907,1,1,0.39006440968637274,0.8203021369534809,1.3892551402629165,0.3411673310683412,0
1.2024079739805758,0.47818688267594484,6.317737612572726,1.3639254638439524,1,1,0.564927165415833,0.48016542421309505,2.145984608985203,0.5312441256502052,0
2.876028710191397,0.3554232405081383,4.943657610656599,1.2222063576109203,0,1,0.5438727633103109,0.5046232156321808,1.6389885249530287,0.40421234608004974,1
2.7256594597272907,0.37947744904901226,3.8766495395980094,3.9633460090723824,1,1,0.666039381796012,0.6788176534039734,1.9304691099126727,0.3815481196261278,1
1.6391418819642825,0.295017652349731,3.428917777629351,1.5919576466806649,1,0,0.36254485665795,0.6122756543716708,0.9530982643532704,0.6646364846054996,0
2.050331494503842,0.349300716651736,3.0161154554304366,5.2479286887809735,0,1,0.6007192654347732,0.42935569005899993,1.356207810124268,0.3607671615062463,1
1.1934529574528316,0.2909078509052606,5.808990956888486,7.166811039477602,0,1,0.5273074465075073,0.49648983734045665,1.2715867820260138,0.5108932366483734,1
0.9703028993094033,0.22927836950737746,3.9327025341151396,7.180403715631055,0,1,0.40986634791516213,0.3806198793143395,1.5972753433912286,0.7223602078137148,1
1.6592460123499553,0.44137943735255114,4.5563773110037555,5.613317870925627,0,1,0.4897739656588696,0.8296128754781251,2.0055589280859962,0.38362442500440413,1
1.383380570065132,0.4672851194220065,4.461627400005909,2.478622820310517,1,0,0.43351063882791907,0.32838062893441583,0.9096735048668094,0.7400970406822056,1
1.9591402796271802,0.4477961384038458,4.886395146165656,7.040977819512104,1,0,0.5317253611153843,0.47310207073985167,0.9016047172625952,0.7474295935924766,1
0.694336592412462,0.38539761752022894,6.327885728122761,7.202654047192457,0,1,0.6556002443258663,0.26550338333200674,1.9904447914206387,0.5500277196070813,0
2.9359870191654163,0.35191431207169194,6.903696717917147,2.376575094670711,0,1,0.5277219937648807,0.38306769516012784,1.0979901204537006,0.37656423307972103,1
2.9655268611990073,0.54533345982873,4.037921042869085,6.161982600394741,0,1,0.5526889673306337,0.718282683028093,1.7362545562297393,0.442247199573403,1
2.245404285049363,0.4076327140544872,6.137594610531515,3.0056368424898605,1,0,0.5074991388458837,0.37070513937332766,1.5600293853051275,0.4910217747044408,1
1.840240915860301,0.39167275105189236,5.822638973273588,6.618482186470508,0,0,0.32046620257819036,0.29803804151737934,1.9660510328421215,0.4391959009612003,1
1.2738190407158194,0.21025682632257428,4.8676447572778665,7.980665299325219,1,0,0.3931434227504377,0.5346719079067139,0.975124473770965,0.4262860109444321,0
2.5344875492673715,0.33649913105046253,6.780235718059665,1.2101820373057497,0,0,0.49680069177283304,0.2559815408407111,0.9816961520116558,0.7375033691473609,1
2.2118279313846982,0.3520782475143428,3.002372577642014,7.281561060536523,0,0,0.4240941134978819,0.3008596926557999,1.5795457043896306,0.36901417233708556,1
0.9065423483622282,0.3595291123587602,2.546321051548107,5.358413735190607,0,0,0.3727054391044777,0.7345755217377851,2.124930114701719,0.629997558922588,1
2.777317961234606,0.4320689476909329,6.269809834777111,7.813678334153748,1,1,0.5016531367673753,0.7128840069157638,1.380996861719056,0.3001846302476287,1
2.5563431073079226,0.41344101869075134,4.195749083168741,4.255066622684993,1,0,0.42912391737914013,0.7990832922429376,1.257718940356573,0.5682822012310695,1
2.87449978322981,0.44316203711737784,6.2348442710353025,6.931715513999616,1,0,0.4032430572693659,0.7627092615464497,1.6493650524770402,0.7121743517793235,1
2.3142987709709,0.5059533046168513,6.4654510259770746,1.4367584801879407,0,1,0.4855941669761523,0.6599053379438908,2.1026280407630438,0.4295703423419486,1
2.0335379898394748,0.5251942954864374,2.312287968095357,3.34695335054807,1,0,0.35331370323286926,0.2813997143803977,1.9716989659824733,0.38348668886597365,1
1.5456075907265472,0.48724923049059776,6.417323814930303,1.4691157642584698,1,1,0.6710982932301629,0.7197091707919945,2.193677055026508,0.5932559076952921,1
2.8318212083850334,0.5822094783819738,4.241595276847111,7.827401934353494,0,0,0.6470808391676955,0.7573064865043363,0.8315960164833279,0.6206706332842769,1
2.665159723751021,0.20729303307054467,4.552162445021161,6.718817350902857,0,1,0.5830482342962141,0.7294492874631726,0.9580014025978671,0.6096137335283915,1
0.6130466752654735,0.27831119427341844,5.132962555466051,6.967831948721793,1,1,0.3424855310353825,0.5550874211848156,1.653254868713271,0.4436925960096183,1
0.5659174362431301,0.20302514999125687,6.6319130336504335,7.565756620037259,1,1,0.6103509017878772,0.389741103189689,1.9488070150673897,0.4134910809716989,0
1.441158417195124,0.4589898856618412,2.09558047214882,1.5957244028384974,1,1,0.6231829312436076,0.757197985413236,1.1993420792294733,0.7301634599829199,1
2.526383326954582,0.5592122195799947,4.3842173415890855,3.6991831475933337,1,1,0.6071058470857351,0.686297685844083,1.1348955232479063,0.7154847787214682,1
2.968190323287361,0.2973929186305197,5.4386102121528035,1.497244223308015,0,0,0.34558635484769645,0.8384567046333109,1.9017661191336814,0.5057924744517691,1
0.8760422277588205,0.5708138179185227,5.613534788491142,2.4755517108502003,0,0,0.5575631828271059,0.34341555865355977,0.8789345953945242,0.6807872397694681,0
1.9853267883803378,0.22410695611582435,5.46266215768554,2.6055604392637064,0,1,0.6337299182997593,0.385398749831233,1.3171357066156193,0.5035455649354332,1
1.4522271415775538,0.5737744107222057,2.6721756470406093,4.283750477333051,1,1,0.530941360487867,0.3770788899289016,1.5081329116292617,0.49097505813262965,1
2.9247859945365082,0.3406490748958538,3.496977941858406,2.879935172175498,1,1,0.5585629500912356,0.725523860572802,1.5844881440904528,0.3705433264196826,1
2.6052973078392716,0.2405683313796866,3.7935776270850674,1.7068467477243277,0,0,0.48334539177052244,0.3621443778700709,1.8200612195098878,0.4918827254213878,0
2.5958217617778447,0.39434870367453023,6.022186038397525,2.172437623658754,0,1,0.511482927953621,0.28999589789398367,1.2967840128029215,0.5418376223699132,1
1.6717328994874256,0.3027106270882032,3.393799362072765,2.0309289448646366,1,1,0.3137507433406901,0.8491364839513772,1.6577580825444502,0.3101269473429089,0
1.537048755844163,0.31394916078476914,3.053524819336016,7.811537585386088,1,1,0.5555852087893138,0.26489032686708947,1.619525591907339,0.4998508523289329,1
1.1835176798267657,0.32291598597051463,6.787240095190481,6.315047548429315,0,1,0.33257888515646367,0.7511464360953194,1.566662540915246,0.6516102982778401,1
0.6409387416273178,0.5212103591330653,2.0443164255673443,7.774330256886934,0,0,0.4740058377360893,0.4692201049303917,1.6966766103990971,0.6060207253684214,1
2.661805940637633,0.4156645106701018,6.989104278409891,4.078183405555359,0,1,0.4170620390669631,0.7549692758546891,1.163228839495307,0.5858206449887707,1
2.532252522825194,0.32452307966240146,5.3841064942869785,2.948579371638596,1,1,0.5181711800846852,0.5827722947266869,0.9185082550184807,0.7092999427967411,1
2.9992941832153264,0.44413351332436735,6.142346497245585,6.5880523804643065,1,0,0.3533665342092828,0.790978737691816,0.9669803408556409,0.3081144044213535,1
2.9915920926847637,0.4864602696892774,3.473096981730966,3.2837774262880277,1,1,0.5766573607893273,0.805715791848776,1.1144153357154616,0.5506714137865054,1
1.8885792640065686,0.3090496002934135,2.0715763883353,3.095683615937438,1,1,0.6180046147713881,0.2554589087684656,1.5002771097318994,0.6543069817843682,1
2.4224685379512763,0.3654196406101406,5.68934759280765,2.6275419454548183,1,0,0.3653417798972626,0.29524730559567297,1.9766198507644284,0.5436009222155702,1
2.86191432470607,0.24875443733477903,6.170722985003379,1.9077528475696475,1,0,0.34172523494075285,0.4002152377425133,1.7818106789237378,0.44575299866117063,1
2.624118476693529,0.2724597398138721,5.702380659767596,2.795241427117362,0,0,0.3582061931149436,0.6515892498181011,1.904656845882866,0.36131275429139004,1
1.118370254357994,0.4724471415859931,2.7142514365041928,3.4872382393172137,0,1,0.6508510247594006,0.7829633179069035,1.291365873496528,0.699403382317286,1
1.6263603382752339,0.27257533907825077,5.767139611284845,5.717959457020113,1,1,0.5112757047025425,0.5259651707763777,1.3665152383079704,0.5118430765744213,1
0.8228985378787375,0.41006535346682405,5.844613910538205,1.437953895536161,0,0,0.48690439840300104,0.6141838697645592,1.351154640386858,0.6951518386435656,0
2.885127568146806,0.48361850468897305,5.292702578350275,2.4735485776574007,1,0,0.3426847276409417,0.3630999116773367,1.0686224581663022,0.5636334550949258,0
2.0154365861272003,0.24275076923789754,5.830579663977931,6.663165482041735,0,0,0.5598224027027847,0.7329801003290112,0.8857033214010008,0.6033864524767503,1
1.0716070137586569,0.4269248878515614,6.229607198388661,2.0284534650863955,1,1,0.6471998367580359,0.8303968668120818,1.6272825299581175,0.6619175194703025,1
2.1792517110146417,0.3026251134805455,5.068020571187292,3.398516025657651,0,1,0.6312743477293812,0.4111593597487585,2.184903356788821,0.5966199950700605,1
2.0453206011447396,0.5851707500950318,2.4430235698483953,7.05261245300698,0,0,0.5504218835923205,0.5468955709603278,1.033561586930368,0.47912467830552197,1
1.3954067950821012,0.39341825868796987,4.438139048336055,2.0844771780040987,1,1,0.3301114866606694,0.3016696663038243,0.8653587478589833,0.5311350227678929,1
0.7838939804990726,0.5223970199100632,2.3882466733580254,1.5791578493273293,1,0,0.34495881087040514,0.5854819938777811,1.8913443545535062,0.661370486104146,1
2.178932988981999,0.4200906168625047,4.037715155162154,4.391765965560076,0,1,0.31972359484392987,0.5516700651080083,1.153620409358614,0.4681426333678429,1
1.8007692522594834,0.2173650131419277,4.035532445628139,3.1169365789497547,0,1,0.4029916865969877,0.33666189049304657,1.9615013274940998,0.47465465554582364,1
2.4307959793390985,0.4532605502376089,2.330049220701208,4.943858551386979,1,1,0.3542645868641511,0.5152397278708449,1.7855113338483217,0.3430605522261005,1
1.8004087527799835,0.5805613368826628,3.7441026698473965,6.626634233384326,0,1,0.4040192161009735,0.45046279125193794,2.1239429518711264,0.7115629958497864,1
2.63045375079635,0.4406447280585325,2.5549904939565744,1.9600394170692022,1,0,0.4540232222875846,0.5630985251831135,1.3724981300593408,0.34096634172544876,0
1.879767096936214,0.5276755437707161,6.0411760500461105,5.064893591879995,1,1,0.6771931136284542,0.6013926012572794,1.726757775230888,0.5916941298518501,0
1.9023449288384657,0.5536825853393631,6.7384401298223535,4.5385613227290476,0,1,0.5441504239126768,0.2550973471643257,1.450796693138579,0.48593751546125896,1
2.6916340066458626,0.291231908779573,2.361582376289693,2.0085515020923967,1,0,0.6339895142731848,0.7066035897697331,1.6828241762319611,0.4825287256149491,1
1.5087071655309927,0.28481793596329064,6.775576036458507,5.367989398702877,0,1,0.5841406002849329,0.6778085751170444,1.4294384684108323,0.6057983264577078,1
0.8350380711266019,0.44439239554039667,4.612882996683726,2.9154829250254015,0,0,0.3450012522106527,0.46977183172391335,1.0640851449937048,0.3301921796834454,1
0.5719566907833474,0.3644113879226819,3.4978283897693694,4.414840229808087,1,0,0.5943681625495796,0.28176156134129093,1.5110563824047334,0.5671676023281456,0
2.3878431391840476,0.5359445211466881,2.3843103763808173,1.5759062699394333,0,1,0.4100395526236498,0.7029595238710302,1.5400178820124193,0.6474143036875597,1
2.0507738783836618,0.5600092493592044,4.503121340352089,4.217088400495362,1,1,0.5556431387978825,0.8231050962868794,1.9348453875642257,0.6726957410489673,1
2.2601994202480586,0.34136855172108727,5.972577722453743,3.145244276299742,1,0,0.4363847894571954,0.3940909576132085,1.829728988111014,0.3767386752271989,0
1.0324104037722768,0.2947482235897928,5.535432386333491,6.75666847829748,1,0,0.6990689053058636,0.44411476824222273,1.7293082735180219,0.7038385725351781,0
0.8409286889669244,0.5122102060975446,2.2511300573198687,1.398851088981578,0,0,0.4054205917987111,0.36028773368908895,0.9587419337736016,0.595265741331349,1
0.5363616641697049,0.3099224142192544,2.3645091768395177,3.9302509244283095,1,1,0.41165218830970784,0.5961616740069038,1.8088628069292012,0.6968346603693072,0
1.3764688970164924,0.5290457274054714,4.014366413163185,4.209019968920066,0,0,0.6722689022249593,0.34290483678847294,1.5004272188963208,0.5183763226995892,1
1.9747942171365827,0.36949530145950515,3.4764524702397166,6.075042534093831,1,0,0.30985776185452907,0.46371636607682765,2.051739350548623,0.5439150052937409,1
1.4806101127493307,0.46701995971658816,3.161921615280239,5.020013025631477,1,0,0.5786755951492788,0.6682078083605578,2.08781930778276,0.713567224662902,1
1.5936873050593228,0.23821412553386728,3.405022494543568,5.670486360359267,1,1,0.5901305562943513,0.586069589805609,0.8772192268424996,0.7049592945096024,1
2.760396736234371,0.4495437298706292,6.017413716484423,6.439344999562293,0,0,0.6345514309641597,0.48187753859676113,1.9488981844962705,0.5016723930160509,1
1.370638667558251,0.38070707149489164,6.64614026815927,7.0354208156073215,0,1,0.6897757242553901,0.5021497610845251,0.852776346591739,0.42348568423605676,0
1.784973722899527,0.43464338527018964,4.025513472637832,3.1971284770572934,1,1,0.690240767662661,0.5872665295739377,1.3140374759730318,0.47692669555391887,1
2.4591325318528576,0.26720568309794535,6.530555010662486,4.766158937547321,1,0,0.32611070302658557,0.2535188367322968,1.5592199658695107,0.4744939478383874,1
1.4913569558031754,0.4947494979776728,3.60747850623941,6.880756549074399,0,1,0.628735729101161,0.29710592107216593,1.0073411180779785,0.42909009374225726,1
2.0552167505696834,0.5451188310172914,4.3821849317189585,7.926157916755395,0,0,0.5585239734629526,0.778754840657807,1.8448393375967076,0.42086082194983493,1
2.655909271866863,0.2866959200363103,3.130144989079999,7.226635177306342,0,1,0.5589368537492365,0.29672739345477445,0.811696585840994,0.6874783214158737,1
2.8738015591441055,0.2382858222080647,5.20238021087922,3.6002708383706374,1,1,0.3513399706458779,0.6740821577263031,1.0360386678076516,0.33143786430809774,1
0.8676837023225948,0.20945543441853456,6.894905575874045,2.366165620530553,0,0,0.5600748665782613,0.8020228984654315,1.613115561794866,0.6049250319448174,1
2.816469062903736,0.4567886001773064,5.017465480216893,4.425747761846122,1,0,0.6929930322404991,0.4124101625810387,1.8001425868522094,0.3777690231554035,1
1.7302907326988455,0.4428376144355123,3.7890704205677443,6.191490162852296,0,0,0.6647274278157788,0.47229486223570855,2.0833003437714828,0.4550276520273284,1
1.1456109707473958,0.41867896508562796,5.239087229952641,4.447983495273084,1,1,0.4756522643219402,0.5913528435068298,1.7876953127084736,0.3276943653606766,0
1.6478393905956532,0.2927788384463902,2.614603392326938,4.3822660431956795,1,1,0.31597918931443775,0.7790253817831508,1.7404909783568123,0.42148813658495793,1
2.950081438213693,0.35636239836220585,6.443295401326993,6.867612947572604,1,0,0.4449173960000819,0.8151433523562521,1.3520776048909302,0.645789482002759,1
1.731545234982174,0.4377905340744692,4.515419753899182,3.5298264534703043,0,0,0.630556124640222,0.6937379488667608,0.801798195737522,0.6982568960462664,1
1.3218790257187705,0.39870674354366775,4.24674871019821,7.018562723681519,0,1,0.5805996405860664,0.30197185651281644,0.9682229622298708,0.39968721835606513,0
2.0835021357918144,0.5951142080859548,4.929323942267596,3.8476336066620647,0,1,0.4837374622375825,0.6514924933209105,1.548376362658455,0.5085965276665149,1
1.1003640469454827,0.25457590102269323,5.123919313947012,3.297631739748376,1,1,0.3220406140635324,0.4961822331235972,1.7451818401821877,0.5116458215717429,0
0.6896583202716597,0.4780578216190375,2.358879031132565,4.177929378397893,1,0,0.470757891129321,0.532420599694637,1.3844275974550477,0.6931088875918804,0
0.8221993047766231,0.3617275072417169,5.413086106117012,6.3371287107240795,0,1,0.4876099758871534,0.27948903420710625,1.8229506161397464,0.6432595737941125,1
0.820114597394431,0.3712798459702459,3.2096584015776477,1.8820141950479599,1,0,0.6714222131576544,0.3646372836078149,1.5306072134650504,0.5308847482656225,0
0.8797567337807359,0.48703910626327046,5.569763162532949,2.374934511104122,1,1,0.5564344414328637,0.7243081645201886,0.9038466738320372,0.6018362402122981,0
0.8470679316235253,0.47697446052974785,6.112673971920984,7.660113779641644,1,1,0.42466116666185955,0.5223752998287159,1.0688227513551285,0.6813097742592151,0
2.1021868620080366,0.5965023974808753,6.019792537762601,2.2284413916695014,0,0,0.5101273057802885,0.4309973449786893,1.9759975125415203,0.3042925293114952,1
0.9547002109978621,0.2513577157816501,4.762504837039446,4.974091225517382,1,0,0.32642212312886404,0.4804114443789749,1.8148778452742154,0.4813005139725219,1
1.364168208309658,0.24164385975366653,4.600849461553755,5.055201266633565,0,0,0.6890272942598947,0.7626397079954081,2.052666781817493,0.7082594252746854,0
2.7419710247650295,0.48973552685149646,2.7143798066970586,4.427371234351714,0,1,0.4440239607722904,0.6993994104429742,0.9645801487693113,0.6331408638797782,1
1.6849041006571808,0.4313547668025636,5.876730752015678,5.5132167400377305,0,1,0.4911469419652543,0.41338923830864965,2.186311548461104,0.5442786184503337,1
2.168894346302568,0.3096642666239223,3.357046902233572,2.608787080583329,0,1,0.442113589694769,0.320501104127424,1.093169399529907,0.53834003716581,1
0.9307996780040746,0.23176774759559465,4.483477114089733,4.8686358744372376,0,0,0.57300469204648,0.40119893298644305,0.8164918268012988,0.456496543921997,1
0.9807225470216769,0.23426329983857222,3.4213704646375835,3.60521278672828,1,1,0.5648928633318372,0.8024538706328402,2.196392114674976,0.5342342401386815,0
0.6021715406661972,0.5576763498656473,2.669141814998466,5.6316708174043235,0,0,0.5861289242116543,0.5989533027098533,1.1935034396231585,0.594922439758554,1
0.9223376576804114,0.27674692988749716,5.147788484458683,1.9885648036120462,0,0,0.40725729184476833,0.5700881252468697,1.735227233517584,0.4882633672929569,0
1.1964758475798964,0.3293486248462083,2.271660174114519,4.996141917876334,0,0,0.4262673924656264,0.6078361598154769,1.0473552398468273,0.6213689158764784,1
0.942526210691867,0.29066256089079523,5.743226170631,2.296892487683266,1,1,0.3501004924384832,0.46961695944790915,1.6123199450787986,0.6875545022671736,0
0.721756334392639,0.34199852233277495,3.5879339763055835,2.9505014418052546,1,1,0.562203988738445,0.7342642121917076,2.065648981036383,0.36960818168318754,0
0.801589677751502,0.22776953709843736,2.0006734650224267,2.530968602265083,1,0,0.31591885093426103,0.56397174958015,1.248253634399814,0.503196160267841,1
1.6519469200818144,0.40762391636330814,4.555645696186149,2.2798644590817196,1,1,0.5390729342093836,0.32004874166127734,1.7383555664621029,0.4836090410782865,1
1.0158342960144813,0.22704502543688598,2.2342595426380156,6.779976660924669,0,0,0.6478783539406535,0.3274390748974378,1.0630650243177833,0.6093591618223777,1
1.4106746526201888,0.5201426031289447,3.3808477891044975,2.9999529736262325,0,0,0.6563328593158534,0.5721154879015711,1.6747135582062156,0.4124403593660682,1
1.7585431771371423,0.2934848327641732,5.534882437278581,7.489866473051145,1,1,0.47961510414798464,0.8119421308425034,1.2710304925445142,0.5881129117285243,1
2.2259870715734134,0.41600476584180424,2.313448108109329,7.789485677416336,1,0,0.48372147528522946,0.43501127300571923,1.0956915620231324,0.6948701587791696,1
0.5982803496027473,0.5520316350245833,6.196692461780012,4.998823289559681,1,0,0.33078767320320696,0.771724701315531,1.2384548709850893,0.4881592199071302,0
2.4985259972726066,0.4603509476188777,2.0190996132929158,2.001007858660085,1,1,0.5683060101772143,0.7084573519473276,1.0503774959109191,0.709957064990649,1
2.0697509737272695,0.41318311462053414,3.2341193460095115,3.621837703657069,0,0,0.6285037681491381,0.3986874657441441,2.0626825509730358,0.7469236825200654,1
0.7043975798721798,0.32973350124615025,5.704520280760358,6.584125843437498,1,0,0.3978620218418852,0.2718044489897455,1.3560616408439805,0.3477414224765784,0
2.6839465602669432,0.3332007652232792,3.5813507486465337,3.571735100879493,1,0,0.4685203526533458,0.31110835908542966,1.1433910269641143,0.4048739345931864,1
2.802181001329533,0.46779478207927605,2.5094619403300675,1.6091205281195213,1,0,0.6355357347061081,0.6870963603084641,1.4277709774223062,0.7276708881669419,1
0.6526948996371593,0.5976557444884669,3.8011695940021393,4.897494376497315,1,0,0.6508481870649152,0.369801842824388,1.2487506335290939,0.731247458916624,0
1.1921941203680093,0.46473567593975146,3.3519664319226274,6.915845960472243,1,0,0.39727199210569036,0.47276255230323627,1.8421869553386565,0.34396827392404133,1
2.5155031994826533,0.42311336694800994,6.213559510802774,6.571484710004516,1,0,0.5202282538165457,0.5510194996038549,2.1597078766396924,0.3067493251697115,1
2.370649225959146,0.49226020409569843,3.5667395879257158,2.2258619809124727,1,1,0.3769972602543308,0.6852809010700978,1.4132471193767056,0.37249501046539,1
0.9613025483909433,0.38608224491348725,5.944662358880036,5.709352300887267,0,1,0.3407515056558226,0.31793873395547523,2.0054467599611367,0.7482057525220117,1
1.0233733083417758,0.2240569370403141,6.459360724053674,2.5435298440495298,0,0,0.664448200556783,0.49381984316647687,1.5922083029834675,0.3809998274748091,0
1.426180256978455,0.4249187263511639,4.169087097882647,2.5274527418652055,0,0,0.6282030016928437,0.5410437454856172,1.020129931131927,0.5261464230249104,1
1.7113074629775533,0.583050113802152,6.54971571927196,7.118502413136296,0,1,0.6040139607212696,0.5744962383829237,1.7668718389138784,0.68178797689373,1
2.04563692882574,0.27012117694306387,3.8865902698159642,2.747682669181611,0,1,0.31950652752525616,0.7410163848371301,1.5188082959761484,0.30918072480969283,1
1.422284098924431,0.4760019563282663,6.820392082450541,2.842731425626078,0,1,0.6374915170841029,0.3530069170259301,1.710849132552945,0.5720200420163067,1
1.6563367903328698,0.28037347546362257,2.446447622627865,1.0045737353290969,1,1,0.4752176303621535,0.7346988710959734,2.045562377600331,0.42466145199133093,1
2.3686773453343912,0.4143310737892325,5.435096332516213,7.094683238878623,1,1,0.4369580493183438,0.6657270566179914,1.4166083989184646,0.6880507123978792,1
0.5917080072264947,0.23867057985868786,4.469070202284644,6.548163692463943,0,0,0.5185905444101505,0.5835224885193756,2.061648672504298,0.4275575171688356,0
1.1310923608600518,0.38014837450327404,3.9382440272782353,5.391302545634746,1,1,0.3365412970894223,0.6697167222415432,1.850936619994317,0.609040074126859,1
2.283373964711381,0.5024653315580985,5.163559393743005,6.2518603475718955,0,1,0.6026586197409596,0.49721064337099385,1.4840468962291786,0.6033988346013286,1
2.7380170942179984,0.33902860969559284,5.519285458171656,2.0643399719714424,1,1,0.5329740307553184,0.33303855158087475,1.6445109899211494,0.399672096986838,1
1.7791936052891653,0.4659646897948872,2.021816348251545,4.208265162113028,1,0,0.374636038749267,0.6494591441592203,1.2558135855266161,0.3156596399407575,1
1.8302837131632892,0.5181799843158916,2.8347654437359937,3.458535711441466,1,0,0.3752928799076182,0.5648033840113733,2.1770362196342843,0.48416230820342876,1
0.7679300283494401,0.5708711277917811,5.565230253171594,1.6564356837991154,1,0,0.37369946062906967,0.6336248803256652,1.7342916282705545,0.43013691838464135,0
1.6185309170586366,0.29385683274218144,5.331927067891032,4.402913396504468,1,0,0.3228009550207736,0.45279926861709396,0.8613855934952819,0.6640399873261689,1
1.8315431661375579,0.35972636632372323,6.830237525643386,7.445177552398448,1,0,0.5351193797486739,0.7941199464039015,1.2572706680472123,0.6601638848049054,1
1.106176259086824,0.260966405332167,5.805188951253915,1.2804138333548614,0,0,0.6361392710354032,0.6024219211453461,1.6726402072626807,0.5056607784866815,0
1.1731080773734524,0.5969934008633501,6.75386353865669,3.0402263944565573,0,1,0.30699928559495543,0.3012414905745243,0.8788665889189358,0.5729305013954484,0
1.4432104077615566,0.570800387169718,5.512702507674035,2.4527865534399242,1,0,0.31960185798850943,0.5198823944226572,0.8334378678468,0.5719167821941163,0
0.5501779944443159,0.41598285211222386,3.490261043197216,2.6670265756598743,0,0,0.5291081106747783,0.7038136328461806,1.4300339353389238,0.6722211667924305,0
1.3051979139579457,0.5368133177505685,2.5268246112542823,7.3590418631556265,1,1,0.6277982741544209,0.7264807370393633,1.265766251569738,0.4912510863554389,1
1.0286200174913616,0.40838319090881686,5.909119316724678,4.27648337964003,0,0,0.4306955562274534,0.5467582316582553,1.4136180512464325,0.4239510059057291,1
1.3187433804447866,0.4494342752011039,5.220746107379579,4.264095890578732,1,1,0.43984575952308885,0.7868485424987807,1.1677706338320073,0.41926571316324635,1
0.799405329548128,0.23564977284640665,2.2409300619664814,6.324029497186976,0,1,0.5385385989987104,0.41060106231657856,1.0306048457201733,0.5412865256769919,1
2.7263182018497374,0.5021081681987232,3.800252329504892,2.0814454280344807,1,0,0.4096851556496588,0.49635921834295993,1.764800699772473,0.5021166912294956,1
1.9839811338851217,0.2510853934540939,6.783999077421431,4.410857478700356,0,1,0.31064334643107366,0.789158146341382,1.5203995627749207,0.49805434694322126,1
2.197755797861224,0.5304270521010113,4.502005728551007,4.009896498847418,1,1,0.5940914072406385,0.7877540298829473,1.0802158957491137,0.34101180259036823,0
2.4729280965183458,0.5128112350681544,4.163645680098523,5.178374833826593,0,1,0.5502599651765812,0.6614276612948085,1.2474251967639978,0.623371683310588,1
1.746105497322643,0.48349787909719055,4.2884980257964695,7.99690392275307,1,1,0.5323023996222636,0.765388328273332,1.6285310707286564,0.3961815095918598,1
0.7173007202185593,0.21446415220990486,3.0444136200258187,6.3861422585743295,1,0,0.5966736515967292,0.3032639601737396,0.901121087581469,0.3886291335939246,0
1.8427663545463695,0.32125134237813147,3.843535854323976,3.78505992112199,1,1,0.570092335024815,0.7689969857246658,1.0064342129726513,0.48574124412482705,1
1.9671027950521978,0.30524502796433717,3.849066279935883,6.792871365918328,0,0,0.3823527952713284,0.442371943930136,0.9025438457503462,0.4025002537280106,1
2.363598685460825,0.34405456298860765,2.261775100937362,2.1949585431873615,0,1,0.4409924187773404,0.3569989074569298,1.9372442657997666,0.5627362202886069,1
1.5791488655741985,0.23505709870553543,5.837838142589591,1.213245804162721,0,1,0.35044405667144995,0.3936219018052278,1.853372926496813,0.4671585027005122,0
0.8189507569889094,0.574783129212425,4.082522159519395,2.4311386072499115,1,1,0.3519428053671524,0.5007811048083322,1.8546381046309601,0.5020102751667556,0
1.2094397644968111,0.4215208962849505,6.110899434082117,3.3828808927998177,0,0,0.5704782985426157,0.40071520276268036,1.8028554808664394,0.541726194721813,1
1.4077057409965876,0.32220972426320943,6.251740005599477,4.574065302216919,1,0,0.6434400427929993,0.4423405516098994,1.737139593137817,0.3915909851168122,0
2.114793103329003,0.35879260682971337,3.05997027349329,5.305903983788399,0,0,0.6850930335444556,0.33098709164298523,1.467788681529445,0.3700882302894884,1
1.9269457616722798,0.37888101620193426,5.286767410850643,7.374240020500952,0,1,0.5513388470197778,0.42770605933539907,1.699189428909961,0.6961898562931221,1
1.3902418147446156,0.4402377333442469,4.361409020814909,4.568978066853203,0,1,0.37364052934438274,0.5933702887252007,0.8537061767031645,0.49517566627413945,1
2.966288121982449,0.40627177107859913,6.400783689607425,4.508929512380106,0,1,0.34226013817957224,0.5151122248546384,1.6700501917194985,0.4854421243346426,1
2.014437048392218,0.5677567892857669,3.0787033958822705,1.351701068760875,1,1,0.6251403886147031,0.45803125674154666,1.8890287877516283,0.31602546762277867,1
1.0930669793399863,0.3987853931623321,5.389066001550221,1.2443808685935667,0,0,0.5315025905439996,0.6978712773142683,1.5005017045381464,0.524089336164327,0
0.7544561815510094,0.5968632059293251,5.038760611263613,4.858119733414604,0,1,0.5473140084054879,0.7861059828359908,1.3005186597981317,0.54937637472495,1
0.88214784796083,0.5405699830980383,3.476507387859164,4.067250292738412,1,0,0.6125848355018837,0.7040735337414382,1.1883974287213708,0.5514783919295999,0
1.1148943209612703,0.28340420574293435,2.683004518255863,6.87426276486209,1,1,0.5813108910929806,0.4492004212706075,1.6999228702269156,0.618164026195298,1
0.9017034331488891,0.5722380858575664,5.258198802386383,2.1247570929829163,0,0,0.6337833011424386,0.6966653007025322,1.7699216780818725,0.3798668257459553,0
0.9664175601282644,0.24654655915419044,5.692987290661653,1.1748016348193473,0,0,0.32248556218395136,0.34118810948443073,2.0193546398075597,0.41350041040377844,0
1.2127379217346177,0.5269798833964766,3.57813671881675,4.143271375510881,1,1,0.599008254698602,0.32819079285477454,1.279267715445387,0.6648287093536858,1
0.9334339882368871,0.35224931739063203,5.224163020111569,2.6623498972658024,1,1,0.6403411029288382,0.4573762222216954,1.8776812303398198,0.7262267775795272,0
2.741913561566063,0.5511897281780278,3.9756545380575163,1.3473006133718621,1,0,0.41445401698332573,0.7346214214264342,1.5858981538650734,0.36116973631529425,0
0.7005843641541055,0.5472226760429801,5.566034416413089,6.072188007933403,0,1,0.5561789095973011,0.3978089483453811,2.035971086949311,0.5239422995273482,1
1.8112784739256367,0.5223701600470485,2.9960763744702654,1.7811509997007322,0,1,0.4256648255347888,0.28795204533920776,1.5389369516138691,0.3963793137328141,1
1.5259920674741538,0.5160121745228246,6.451075013180872,5.258236500054402,0,0,0.6831884265929815,0.32902572112381306,1.5246817597571543,0.3270329257597421,1
2.955946542271516,0.3218716556392163,3.4370479823278988,2.9673482511682243,1,0,0.3133694289742015,0.765246981117748,1.6090279140172727,0.44647650215676093,1
0.7800972554201309,0.23236771322050087,3.8389299387807645,2.214472352485154,1,0,0.5319171375331819,0.6302699708483726,1.8490414971994082,0.36465943133289574,1
1.4946389976143541,0.3611920715060646,2.290459760401749,3.6582606604352224,1,0,0.366601418819806,0.401920698021986,2.1505666703598454,0.6194698830454108,1
2.9236760831884223,0.26940980599460346,2.557561061606382,6.610120433560676,0,1,0.5848880820708635,0.5831774951969089,0.902988695902072,0.5401764361521499,1
2.6637678147349506,0.4779804355609847,4.579309513561641,3.744655038332009,1,0,0.3703561133674648,0.5665477734552102,0.8748084433474241,0.3647255119456399,0
2.5426801773732,0.3384398906151142,3.3379633836398575,6.25538754447739,0,0,0.394153304759343,0.6432615870643967,2.1125704723702743,0.30415871478248147,1
1.1447570676123495,0.5902440803439659,6.177401128710972,1.878404077594055,1,0,0.4977483244183032,0.38991253265296977,1.5418258757254888,0.6636706720608957,1
0.9272189684751646,0.4563888309381328,2.073466943274769,6.409399937655554,0,1,0.6659339799987511,0.7686417923166385,1.6608642203937105,0.3792874827739114,1
2.1716080498110775,0.5289922254537444,3.895470243359681,2.6585332743465404,0,0,0.3846857488591883,0.43562113724800766,1.4753930422326205,0.5727974889993447,1
2.8234399728189645,0.2530098690967394,3.6867277338454634,5.74175190922211,1,1,0.35769600844724136,0.6664789923857422,0.9311204336504644,0.4516148608845355,1
1.8919072325348245,0.5448057929090491,2.096638154588005,4.960470883886974,0,0,0.6035907327416122,0.2596747878233289,1.8753251297861333,0.563468672241766,1
1.9290317236747496,0.5691028762053577,2.6218419950025513,7.504013020481811,1,0,0.5002478129335723,0.47359427793648834,1.8461145031240218,0.4420441321420458,1
1.1999477341507103,0.39482476752757434,4.068213374593176,3.7112576258271983,0,1,0.6647140449527085,0.461025890775285,1.236384650089937,0.33912280231151437,1
2.423732332979842,0.442501175100391,4.464322922237233,1.4631563218410832,1,0,0.35864582286393687,0.5760906571498087,1.2287349433197607,0.40032750385098914,1
0.9676093713938084,0.5059239203611982,4.021448736274346,1.1340883988587702,1,0,0.5583711572092157,0.2936417570663179,1.9729779332677262,0.384626354915584,0
1.3091980910106091,0.26993545090416504,4.65468839206047,6.788009926809272,0,1,0.393151658460726,0.7240788242356649,0.9013001608378574,0.49260870859783973,1
1.563591096541042,0.40102643058537696,4.9756583745284075,4.6731494636300255,1,0,0.3627041714606557,0.3806684810605411,2.0335472076991925,0.5962277025417708,0
1.7690259467111376,0.35946521110892526,2.049619105639178,6.426708362844645,0,0,0.5733717660629082,0.6562226889292061,1.1593263658542803,0.4187127337258609,1
1.1060243310377005,0.25854959686489964,4.32047579726752,2.640979200080603,1,0,0.5374738479634933,0.731927273946456,1.6301786468576918,0.30543147088527806,1
0.7870920618480088,0.34701376891661256,6.8174962044379415,3.4155862185926362,1,0,0.6019309833449324,0.5871261737449078,2.110391850602489,0.5335218139191407,0
2.0265501061040814,0.22726892375419744,4.5951614006477435,1.2107271054792326,1,1,0.42378503057847294,0.6945299240331912,1.749371502151305,0.5725917702115374,1
1.2215763831006394,0.2103247627797948,5.387711337294766,7.730446272018785,1,0,0.47918866255287595,0.6471161873290032,1.3802017374538513,0.7332917223008144,1
1.9530955535565306,0.2540665156619291,3.559319289584416,5.675075346905694,0,1,0.4621886705321674,0.4633178782912045,1.7653478924675814,0.5652618613919611,1
0.8859067881855058,0.5852460446356695,5.869956890763813,7.532435614315143,1,0,0.6936357855866057,0.7353151234201392,1.2815714908429183,0.5120276517201638,1
1.7028502546370436,0.41981181435800674,5.864607409380575,2.858474852003506,1,1,0.4168995826957551,0.42682082193131676,1.1881617828888607,0.5580307316539668,0
1.8314735813789647,0.586328864461288,4.606480238270695,5.280245278579626,0,0,0.41792689533870675,0.5927277506509103,2.1953565891085516,0.7175552834379122,1
0.6295588420560673,0.37299915133205275,6.880069116396068,5.749499778048465,0,1,0.44181928353144295,0.6972386434849237,1.851106323651703,0.6727701655207408,1
1.3415106954848015,0.3247264532341038,2.627751073813267,3.222847901803119,0,0,0.5258376325161286,0.4773735458875046,1.702607968334545,0.4453404300137136,1
0.8360366923474356,0.40245674513609764,2.0847383244479047,6.9367646451094105,0,1,0.40092909770549806,0.431660564570455,1.2974055005070464,0.4067644636457117,1
0.6584374261819194,0.37580467545316404,5.85079105878548,7.630130240301735,0,1,0.6661159761517095,0.5256076061036936,0.8688251608170675,0.41818512556473314,0
2.974900580974863,0.24226587370469757,6.035777686824413,7.193985823872031,0,0,0.40627422594650536,0.7407780966094921,0.8434796264492179,0.5269894678718459,1
1.3058846124368073,0.45633052587608247,2.6010361456028814,6.173468831575608,1,1,0.6583262926240778,0.8079530578873988,1.5758537576283185,0.63482225305286,1
2.5246861146365873,0.28641527300383984,3.3279141647930306,2.9422527580746785,0,0,0.34139002545863384,0.5770500477159342,1.8668458094546716,0.526448643232333,1
1.1366016369094096,0.44783518195913186,2.0877618168331447,2.9713122947394224,1,0,0.562625080959861,0.6468797231941912,1.5523308666213973,0.33050837812265066,0
2.203756805559823,0.4600804369592613,3.4665430539028232,7.743522243122266,0,0,0.6627942073752975,0.7919641733433485,1.9770991007147605,0.6256113151979914,1
2.4005696497242166,0.26080994125145923,5.8657093695933575,1.0719914715498442,1,0,0.3674997753592918,0.3091281108477654,0.8467971463305103,0.6626865579019292,1
1.9890968515196108,0.22453985084426728,4.589802638562895,6.012349812695011,1,0,0.6873307840397019,0.389247146719699,1.3134529069963161,0.43027403930387387,0
1.678940471375396,0.5123046344273758,3.7404779658414404,5.943723137886836,1,1,0.48115334416620464,0.6753400037509494,1.1318985476438495,0.5988565826775076,1
1.5296022853681714,0.38392016950772806,3.8586964745316514,5.358826786648582,0,0,0.6782860433764097,0.7442466771473798,1.426182155419971,0.491966355474477,1
1.3721706663574882,0.22326551820219032,2.006768128577341,7.930761922608061,0,0,0.5707280174520188,0.7642174169983468,0.9013269504717716,0.7001037100773493,1
2.823822860619565,0.5979465268679068,3.4990026378261794,3.1831560503460765,0,0,0.4206347479494206,0.49906430611295954,2.1357842981995017,0.6803515011723329,1
2.576548519469323,0.22311222439854667,5.232293708189653,3.379803046552737,0,0,0.37532100996684253,0.3036039413751201,1.1125575614971055,0.5364443992393391,1
2.9125672766662816,0.4780140915434213,6.870972219081786,1.5525758206258888,1,0,0.42149401849003976,0.5126688863797719,2.0912308856770188,0.6111774956161176,1
0.8107430587138618,0.5934715701053654,6.235304134919497,4.099586955806162,0,0,0.33720696370507,0.3884407541242323,1.3962504170513546,0.6975073654599468,1
2.3271686880091105,0.29567204168637023,2.1179748232276454,2.8273396836439364,1,1,0.35754718653733186,0.4247178729979745,2.179733786557305,0.523072654535224,1
2.8458511420525947,0.2568997474748785,6.492803023374197,3.4037069152435095,1,1,0.34186417613859243,0.7133605341025034,1.5756817368442952,0.4409628332199699,1
0.9530826654141504,0.24855397576897156,5.91599206649313,6.842002531789394,0,0,0.46917741749662306,0.2953162516155321,2.103166009846131,0.6391497620593116,0
0.6662406684169437,0.32131005902703824,5.901880617854902,7.54839159469247,0,1,0.6182313505030346,0.7465487304884213,0.807488584171912,0.39902981465311127,1
2.3528016232251474,0.2404183244042587,4.289978795017857,2.3001315040362993,0,0,0.35655342168653603,0.5066014514945014,1.8475343286532604,0.4748390166027189,1
1.9361827829497797,0.4768645366776528,3.990026464772514,3.607562520874261,1,0,0.3521281732689343,0.6076383586603571,2.064270914343522,0.6895772566980571,1
2.60457194189568,0.22491671925202508,3.514578644165963,7.500413934807758,0,0,0.5573715798069323,0.3037913387414074,0.9956087937705358,0.6259900531211917,1
0.8494309415657237,0.4037688512599159,2.328474294771829,1.4326592248245584,1,0,0.3788731927872265,0.45241544701436776,0.9345761924250121,0.4817149523613746,0
2.4881682796497255,0.5986787415411907,3.1411768174684953,1.6465236967796497,0,0,0.3390440152435966,0.30382055140890746,1.3944016500603378,0.39663502608376083,1
1.0040683001193613,0.5255881078024075,3.233018174890123,2.1395369244436058,1,1,0.366739431282231,0.8269262337286657,2.1071504685861093,0.46018577587450643,0
0.9091398571642613,0.44608777529240434,4.420385348551008,5.166489838888124,0,1,0.6694925583507104,0.7343569895957502,1.5593411842666143,0.4278468671523449,0
0.9106644948274824,0.32250144831464467,5.737222032983469,2.0533058970419824,0,1,0.6285885011104764,0.525779652613876,1.5384390492104252,0.37924017957473427,0
2.536436800578455,0.4495583345166554,4.369049141989733,7.776534670155135,1,1,0.4416258249420376,0.38416152899420264,0.9975765656190507,0.6344998111045455,1
2.1629930517405,0.4108165855646606,2.289222247235803,4.127001690809642,0,0,0.562328306930957,0.8100730631499113,0.8011053155305063,0.4134314490825772,1
1.8076635619227983,0.3704333535561486,6.78894900494102,4.510625722451165,0,1,0.5149102694672152,0.4567579574361831,1.9341961270436459,0.5043753615754937,1
1.3970762103087562,0.2522841506960798,6.713621595470562,2.726610310637845,0,0,0.5708497053930255,0.34659065901242486,0.9226043881807335,0.4736367510762491,0
2.6930013520327707,0.5546416860961867,5.925947715742042,4.296721767043135,0,1,0.5730684609851038,0.587898633072373,1.6873897462294538,0.7419348203860339,1
1.4811127685565886,0.37991385952852896,6.9566395078211025,5.633395428459081,0,1,0.5514936060239972,0.8162644722068897,2.080463036321268,0.47599150986669925,1
2.5414985986789427,0.27784900472830604,4.7224116640013145,6.258239958678299,0,1,0.4064405474149234,0.2522981743001935,1.0921126784218034,0.33599211725853967,1
1.597837271425546,0.34710374035091585,6.813841751266031,6.277076578969391,0,1,0.31560256830512723,0.39287490595239927,1.7313819707316753,0.3404215886574378,1
1.442361073562269,0.3656519010115708,2.378025203083754,5.045237788858619,1,0,0.48222671279604346,0.8130685842462445,0.9101780073905132,0.5658391746088791,1
1.656699464174016,0.5310151582267497,3.8284037413068566,7.330518424957001,1,1,0.6563895538762815,0.3526515801142972,1.6452572013726583,0.5697135982822195,1
1.2534446854103551,0.49344575222456083,3.126906340033829,6.721854931142766,0,1,0.5277989034074303,0.31794607098389194,1.0295044093344838,0.4884415457171947,1
2.369023450440628,0.5077219574565359,2.9791654206713503,6.2993368028903785,0,0,0.6329564166807631,0.5921123294798827,1.8303349847212493,0.49432966154041336,1
1.756800975231198,0.2044125057714589,2.7040147444633806,1.3892386517632245,0,0,0.6966497371844912,0.7671062939768979,1.2217238127114716,0.32426966227839205,1
1.0805317378670432,0.3664615992719046,5.112068207829983,1.0481457355375452,1,1,0.36544648165531046,0.5362658906163557,1.448747412326505,0.532445929675168,0
2.748936433186421,0.39253766065412943,5.906609278736525,2.487130940368311,1,0,0.5767110556567929,0.8467385540107149,1.6392027588386706,0.5271327639211583,1
1.4597280534330286,0.20767691072922267,4.891491997101803,5.644665157394166,0,0,0.5697174294800098,0.6575030197227957,1.0397827749327355,0.36729719335062505,1
1.8588821527849715,0.3039252834980137,2.7348135479410485,3.878382422177821,1,0,0.6919821789433114,0.29444494432626866,1.8382929460646693,0.3467277237499174,0
2.7661802774113675,0.504115929248854,6.055618849667354,3.816843815095182,0,1,0.69424029358112,0.8456992790091852,1.2236964768915404,0.3556076207697707,1
2.0605949897849802,0.2548438822915996,5.179773535818642,7.192108217607296,0,0,0.5746714446896517,0.49473654206811424,1.727320603877855,0.34546271092106634,1
0.7922451017709102,0.4141240525810367,3.9408285306349775,7.268939936922871,0,1,0.39744591679287766,0.42244152030728954,1.021596270979123,0.574368687991542,1
2.849580309033688,0.286080748806895,5.370651477680315,7.3642268483751,0,1,0.6194223352522397,0.5847275101467313,1.7633647228888905,0.3884171935813134,1
2.0692701326785445,0.2048483098575573,3.299524896214164,3.1971465356051914,1,1,0.34281165368441524,0.4325845550925186,0.9794633019346465,0.4131435684843585,1
1.3372640366427153,0.2964805830398166,3.7259610424710523,5.837390689174832,1,1,0.6122797216686515,0.3018745042720914,1.395499094777977,0.3781074648681479,1
0.8481801816584682,0.5903495019640215,6.587429215659951,2.9014322689205874,0,0,0.6640784496578785,0.25085700584750603,1.1460885032344277,0.7310258870018264,1
2.48506297317574,0.5206148447531957,3.452522528357102,2.3342688315211486,1,1,0.4531333579073741,0.5197500117521574,1.8477253491994556,0.684577858418326,1
2.0501818898212836,0.5838306577284134,4.349941340789683,2.2924272014315843,1,0,0.5522541179932321,0.7521180533359554,1.1668490063096244,0.4037226768081844,1
1.8336527299408039,0.395141617570545,6.450705686980073,3.3947533460451584,0,1,0.4720570928387305,0.5933891113780458,2.034404228953555,0.4474048322649567,1
2.7347314576273942,0.2438944794710014,5.538606751337637,4.009703338458753,1,0,0.4751060219952513,0.8495243793660645,2.0485482959692582,0.3944517790372487,1
2.4714930280613268,0.41918379558947716,2.3110161308235138,6.816644197385479,0,1,0.424148355643248,0.42210798738832,1.0750178413119003,0.5213441817573707,1
0.8791871993318779,0.38175093382398434,2.7365152213948516,1.8392376543089846,0,0,0.6048518481801298,0.4182730388560332,1.659384323010814,0.3088247396134141,0
1.2793051694888706,0.5377428330958464,2.039207953859584,6.144480931764259,0,1,0.674470625666602,0.34584967614036655,0.9228046984079501,0.602115604003558,1
1.1212228495361645,0.23923303231369786,5.154608951145817,4.720184399325138,0,1,0.6763003436937844,0.3484381529592011,1.348151939442281,0.5354211674179388,1
2.359865731431692,0.39529645480871123,4.238367127052092,3.0156173987319472,1,0,0.3699125139499735,0.4211119576060287,1.7986504213017813,0.7043875177354965,1
0.5838310868394485,0.2600194658775937,2.6713742545113774,4.449737091729772,0,1,0.6498974598626264,0.7257040271641162,1.7231925455898829,0.37397670794778637,1
1.9247242121782913,0.329870370756024,6.7896706052838525,3.0995944884391586,1,1,0.5949725765708489,0.7934540743818687,1.6745809371692513,0.6618491607275092,1
2.4061467143517263,0.4949428309551199,4.6482986197280995,5.172573686668142,0,1,0.40113496027611567,0.8350523018246088,1.1955572091274211,0.656382456510022,1
2.6919140919043736,0.39040725174750657,3.209466470564446,4.036907459986709,0,0,0.32691384516860583,0.38937379245787157,1.3292349292081629,0.3572315351475991,1
1.3552043717897686,0.3503553140583077,4.503017855773537,2.150838703552151,1,1,0.40719890675375114,0.778778527368455,0.9441246025804007,0.4793516508648574,0
2.5531432616800322,0.3577905114280141,5.398101663675539,1.8160815218898771,0,1,0.6648832947126102,0.44695305356640225,1.8066319486070415,0.3765686885150326,1
0.7765793423880181,0.3837787073623946,2.3811960898678226,4.826869774504911,1,0,0.5532714699583089,0.31770432671013066,1.505444315507783,0.414624225205897,0
2.6161307293362954,0.5140066175348228,3.37351907523946,7.316891233002724,1,0,0.5884218643591488,0.7720149553120994,1.7922718852839166,0.418460778673745,1
0.818721655829956,0.5568338755760938,6.034827454419968,3.407703805903799,0,0,0.4028609404436383,0.6316633807861711,1.148520934715622,0.5503063773115977,1
1.4932182264009182,0.5821338746015713,4.2983243520133065,6.131000750558362,0,0,0.587755262229928,0.34883853764863704,1.2542135200890927,0.4851349192922095,1
2.493238414448884,0.514761354502118,4.732885710161474,5.610629484578369,0,0,0.3112486025111695,0.5078987545078015,1.2679014721641606,0.7264797618028374,1
0.8747935683719344,0.3261627582992051,4.164080011047346,7.520884400166367,0,1,0.4501285383092055,0.42235461692624054,0.8360393736461027,0.3568665638761523,1
1.0731284880816037,0.47525388243461686,2.2194997132150256,6.746867121093986,0,1,0.5507013394169324,0.6920767412261182,1.277467021962873,0.7381614606825895,1
2.3056314209826656,0.3750412496221568,2.8287488991007796,4.966236812338241,0,1,0.35843862621652806,0.5220497383745608,1.9246264029252471,0.4037873880964188,1
2.300091341365186,0.30186824881842045,4.2277081937094545,5.599213487638751,1,0,0.6292014297787738,0.843567967063831,2.056217894049634,0.647793271371834,1
2.1028690822132434,0.536348631770369,3.045927327039639,7.288705266088244,1,1,0.39401251952476746,0.2828469893557571,1.5255056418902986,0.4525364667777696,1
2.23487111116775,0.21537053958493002,2.2498951432983936,3.796631492108544,0,0,0.5609124451273785,0.463009159681748,1.4377023733069083,0.36438662793779125,1
1.8568111083689904,0.5607047968541694,6.218248320259119,3.287562941004442,1,0,0.46207885703013185,0.5391401002659864,0.8431544661791184,0.686050133360808,1
1.1294976472673819,0.38459098584989365,6.905962645820579,1.0756775854463743,1,1,0.5384174381910588,0.5518801328489918,2.030886072619536,0.4389874046564084,1
1.3642399837597985,0.45488059072331216,5.965714369983697,6.78585751934025,0,0,0.3429802210515632,0.43956149343138207,0.8182142987962219,0.596484931902079,1
0.9539942920035642,0.46374156888231305,6.268924608523335,6.606864902823554,0,0,0.3067651199686429,0.6875441494585408,2.1226501122942967,0.554899658288982,1
2.771126403334071,0.5580470962826145,3.209885651585227,1.7311816267010598,1,1,0.6638257709521205,0.7748482440933848,1.484902748163327,0.5122903392258934,1
1.958479486915301,0.4546678728668829,6.8031348775659986,5.038001667928902,0,0,0.4078520035068731,0.8132315811867178,1.2787082910046172,0.5231187626918425,1
1.5021285419090997,0.4455734339040247,2.984628522267142,4.247871887168212,1,0,0.6278708011121836,0.7330560260797157,2.0939058087797244,0.6295070613415295,0
1.6550145091103317,0.226660816224276,6.7571490518091615,1.8309636685637802,0,1,0.69974012018888,0.7603481183839597,0.8341473903541354,0.33949781135554824,1
2.8682083490295383,0.40736320877808163,6.974096469829755,7.8639775894250645,1,0,0.38457250319956443,0.5803271803719974,1.613994852816722,0.6006812978810574,1
0.8833785077902006,0.26006760032681664,5.5586140287302435,2.502871212243488,1,0,0.4060682964733422,0.7455329358560887,1.5685055342990728,0.7031154456293605,0
1.965574580041993,0.4949735074885942,6.90571865895911,1.470639260633928,1,1,0.5651439150538662,0.43210234548877136,1.107048561695935,0.32600468865893883,1
1.764721697211165,0.4048887683250698,4.847698897835518,5.163931656513367,1,1,0.6861794538402485,0.4890872572655286,1.400442403890295,0.36329400265515,0
2.02863558858662,0.47209111168334134,3.2977089158804516,6.172066739931228,0,1,0.6663257392762976,0.44014780829112654,1.7131696083212784,0.6224843715159141,1
0.5452754595521012,0.21666916024095373,4.184979428328104,1.2271041223303087,0,1,0.5011502080262339,0.5304324012687552,1.8179836756346988,0.4967767417100779,1
2.6803097723603786,0.2339168064183213,4.96780467689393,5.611023471089155,1,0,0.6180441130106898,0.4213477697431818,0.8010036021892117,0.48159687936615975,1
2.830295706209031,0.4865293552250729,2.365407810135075,4.726043131660181,1,0,0.3542983412399604,0.8269668653526681,2.1115948021274216,0.36163498554490614,1
1.9128329589730224,0.22883373439946936,5.111716323086231,1.722855062125339,0,1,0.6909752736816048,0.43770677680340087,1.0303355213499374,0.5280465183230046,1
2.2416270596922305,0.22850269110610344,6.905889183811473,2.2076671386245343,0,0,0.6857412936143945,0.3088267228665639,1.127012607911303,0.3569453900383697,1
2.8062484529432394,0.204843390093955,2.950538248918638,4.9758200812125635,1,0,0.36549158315166835,0.566090299630248,1.1688628239713876,0.5144792053397431,1
2.2680965857834963,0.582600559319792,5.962975581441917,3.0745032945930184,1,1,0.41976924992124265,0.2842594470671058,0.8529481911728495,0.6436268845327455,1
0.8813476072856534,0.4950033437836028,6.539493968898097,7.568210100559212,1,1,0.3400619990027067,0.3163258997851483,0.972272973026455,0.41621896104922357,1
1.940720900417033,0.34130056340082565,6.718507964101104,6.731181606388356,1,0,0.4086870395592719,0.38163363351774776,2.1808898921218267,0.5163537756808773,1
2.01678761595714,0.3186142325150621,6.8006780220272365,7.884970445595641,1,1,0.6263823157660826,0.528610149929285,1.2413034323282006,0.746407186228576,1
1.560326678255965,0.3398812918983398,4.60729819360736,2.817695872652898,0,1,0.4513262428661038,0.5099505593854168,0.9614215264746692,0.6089926905093168,0
2.341110589061807,0.5098614124724727,6.886539539957519,7.788065429585839,1,1,0.33535878685870335,0.7298151172016747,0.9497877656444726,0.6786105470873394,1
2.835917536922537,0.4645482444281657,5.786551035672194,4.018637088540905,0,0,0.4368902099115618,0.6936847923304681,1.8072439547379608,0.4866814229522456,1
2.813921282266941,0.27407822714698715,2.8083571811848094,3.4326315671962826,0,1,0.692553333696512,0.5057909763944208,1.9963961296456973,0.6455374154066349,1
1.6270984285103303,0.26964373413363374,4.38450053233985,1.3524466887854727,0,0,0.5518734381036812,0.4502225245453779,1.159733219311858,0.3182291278235948,1
0.7830951146018881,0.23935825988535894,5.59165587686002,1.3693568050172185,1,0,0.4664643785624631,0.4398812704368992,0.829273317269329,0.35531003214401025,0
2.9621029974058364,0.46412108788053524,3.2367015790954166,5.844078791626583,0,0,0.36661540539890797,0.7143970523764054,1.1123260258234982,0.3913817668140279,1
2.5972452161148354,0.5057490648886944,5.203075917744437,4.205502961038196,0,1,0.6944707189134779,0.28124344373276183,0.8791219671154603,0.4808783660768488,1
0.8116567030081672,0.3060185713300016,5.3330023952330965,2.58565138225274,0,1,0.6283396037052515,0.2576929897063635,0.9447529112820582,0.6805851952465934,0
2.802104706543431,0.20837798441236513,2.8134987190428293,5.297792144276628,0,1,0.41259092098036776,0.7273266351559888,1.4041113677866994,0.45581972285456873,1
2.674740905155321,0.23286866699057096,4.8254265622637815,2.770006827750778,1,1,0.3280274782884758,0.5362878255934296,1.1218857192062857,0.5945795370819583,1
1.7970951428151802,0.5871440139380122,5.858134554893038,5.043422280410958,1,1,0.3226502229510232,0.32852868313214556,1.522324229935593,0.6191914326615675,1
1.9781885893623232,0.3181779109909681,4.49447832267971,3.514461228878832,0,0,0.3481512598022135,0.39133956075670073,1.1548912545600665,0.5637820593397536,1
1.4975067596753258,0.5076892591352534,2.0605155838805373,6.764865586282733,0,0,0.5323074334457686,0.8095023718584295,2.116752221544127,0.4607588856765613,1
0.6369040970550783,0.4498654275417055,2.045192345396461,6.744873125367455,1,0,0.6715053684821969,0.7657017853749387,2.0683215550967704,0.559674003771095,0
1.3379931041147524,0.35277585586115834,3.785146719850061,4.341452786856809,1,1,0.49869737120239377,0.6758710301343835,1.5935285470146525,0.45401951675538577,1
2.5071336214950284,0.28227490487822204,6.63097034215891,3.455733765345109,1,0,0.6371781929824788,0.5393351382023959,1.2961935887823408,0.33774318234840545,1
0.5115800575115071,0.24855456726376257,3.143383898018044,3.537918575913662,0,0,0.47835464794392313,0.5621941757148314,1.33360563484863,0.7467617901837065,0
1.3337479292278605,0.4460051872155466,5.171818444358436,6.640001679677525,1,1,0.5834334183071301,0.8351467211703751,1.376593196402296,0.3572321041346299,1
1.4954217339773583,0.5098535122551151,3.1103793534666027,3.297256379583284,0,1,0.5927490949146004,0.8294622663305723,1.8186110509889217,0.3325567727262258,1
1.8434890073448071,0.45756170141645225,3.608349948297743,2.4634156159479224,0,0,0.3695854823613354,0.37916142747150056,1.4322945937263731,0.6953388371432201,1
2.7996390410319014,0.4121208532996633,6.24021044800742,1.5928183931271478,1,0,0.4444864235903247,0.7366627397831909,1.9994219251082566,0.4358255974018028,1
1.3658649859149032,0.2167804893726545,5.644307211349735,4.266851846190859,0,1,0.5549208626152096,0.3683455997002101,2.121732700302511,0.5926336383330784,1
1.3673830047405693,0.5873955110377536,2.476996386566053,4.374924692438893,1,1,0.32827864327374645,0.37812248673037085,1.2703246147305074,0.44805257834800477,1
2.343753120274371,0.5194856766618299,4.143510104932168,6.88636097282035,0,1,0.44461607510518264,0.655655820498746,1.5849722739259522,0.476154421857512,1
1.6305448522245178,0.3171288146803859,2.1458488182263222,2.548670875122448,1,1,0.5139197865124769,0.493000659152529,0.9330791515655903,0.41795083740755845,0
1.061512057349955,0.5919881317435403,4.404450733015045,3.6669389156787995,0,0,0.6984897972178554,0.8089266442639121,1.0806566668729025,0.45436980260685456,0
1.6310987903317336,0.44075263585452884,5.31217005850534,6.658840172255837,0,0,0.4898134250489763,0.3034058409376053,1.3788520733942242,0.48481518026394443,1
0.8521425509494996,0.4329690632828986,2.592513117990758,6.765365275242814,1,1,0.6264227028457294,0.5569153844856958,1.0886838022624905,0.6241872310915544,1
0.9409674662655583,0.4992292717718128,3.4444246945458286,3.6922775318513774,1,0,0.47282691402664706,0.8011129182658727,2.0271846871042047,0.5301912874056562,1
1.7459194318486992,0.524707915236055,3.9891831275107847,4.213868163006766,1,0,0.6185562890478835,0.792468196287703,1.0216007584827373,0.7246043477206396,0
1.5473136237613698,0.46259144293260107,6.597655123280249,3.1230012359449804,1,1,0.5381659206480434,0.34391752804944475,1.4379251501743289,0.31884617722744896,1
2.78711475267025,0.25123829854648,6.96627507711482,7.527884148935184,0,0,0.6546381766009592,0.46998262005787383,1.6479789366438262,0.5263807451844127,1
1.4059847477915828,0.33530700239779937,2.224556494978079,1.830506360191062,1,0,0.46437702094004396,0.6214728400280177,1.7686094714251823,0.5629011549742732,1
1.9514708756951087,0.5712334561304199,5.80503961747696,7.53624596101029,1,0,0.5417217679285915,0.3456369308628413,1.3362971176171095,0.7140886437334233,1
2.080660719798826,0.2898462447375408,3.858620332011716,5.787065162847402,0,1,0.552007472247531,0.8308133032274432,2.0167386962146203,0.3221213356296424,1
0.532736141470834,0.3488668095350053,3.9622909311474004,4.721005068807118,1,1,0.4669531767201893,0.7988495972365962,1.5956468115090958,0.5580748132208473,0
2.1588434300417765,0.3728307531776784,5.771324866735114,1.2286134254914711,1,0,0.3577248174749926,0.3501701074206815,1.4153108926265725,0.6841334678375807,0
0.9450899171743785,0.37576199587778086,6.5921321607270436,4.329173342754058,0,1,0.3374237627649342,0.32269327675659126,0.8941368876728513,0.40886747765365644,1
2.902675793673638,0.44517583299781016,6.754642972512742,3.854236735019126,1,1,0.30666862023985325,0.30124508968495917,1.4505652558232311,0.6943315568357719,1
0.8716568193827824,0.577230335097883,4.885612930191604,2.128531683825858,1,1,0.6494137056980858,0.7956661984219786,1.9490301771420224,0.3085695341734313,0
1.5365603093175593,0.29627708473300196,3.785605796502514,5.594867224504599,1,0,0.3945899648954778,0.36617428587727646,1.6603574255098419,0.6296045831101784,1
0.7133741701966096,0.24860055052036723,5.937745429293896,7.798056351578,1,0,0.3846026997127072,0.4997709571266128,1.9650274352207657,0.7199009495258939,0
2.9921856296148683,0.27898819594397495,3.255006916311501,4.935321677451675,1,1,0.5944141601704263,0.5193108193912017,1.491616338839028,0.5957389477380279,1
1.7554875258281064,0.5547699600837077,4.820370144167589,6.003272935107621,1,0,0.4280064452349567,0.6094066265281406,0.9658463871322747,0.4975631597912016,0
1.9884625433001095,0.45832432506208237,3.7928923076243657,1.4791531679621175,0,0,0.5024178769647346,0.293041206248455,0.8190957841702335,0.3201964574127231,1
0.6676911934710688,0.31436271569566404,5.283155368539381,3.923668970718963,1,0,0.3650044261189825,0.38605517044030957,1.2245073654060277,0.714051215995183,1
2.3749011759979446,0.526378775587447,3.2019945644675345,1.814509396151471,0,0,0.6838982885847876,0.8088942321513556,1.7771866600969095,0.5116333002112087,1
1.0247639827389645,0.5445479985453744,2.9579647286741286,5.289570848755573,0,0,0.640632560006895,0.7950460643611417,1.9063638655183714,0.31304853495117657,0
2.745135723601784,0.5386057354761111,6.591195433377186,7.5693751074990825,0,1,0.6455158491860012,0.7187743884434152,1.2140539684684613,0.6104194820979428,1
1.0128491012050178,0.5675706134558218,2.5090184147476844,5.632444127301469,0,0,0.4627094994288021,0.26164074737092924,1.493915489236546,0.5168267641093162,0
0.9767193016591664,0.30089640806934465,4.529789538674658,1.5376213382009507,1,0,0.6049444854828692,0.44620406109766125,1.3895664662077145,0.35595539284908484,0
0.5913741696202373,0.5020167714985113,3.1042639148150446,3.4826634348955796,1,0,0.357550462155912,0.6267752412057447,1.3747318980919991,0.3964223141896168,0
1.680167362774998,0.38421579890965596,2.1946498166283375,4.854643656085961,1,1,0.3034476010367121,0.4151141270640854,1.1238881984802107,0.3290208062051308,0
1.912102833156541,0.5367994211560245,2.180094091457132,3.8224542929327656,0,1,0.30798917303121126,0.7957520170322664,0.9909195470412417,0.5584320928688581,1
0.6642715985708809,0.49139627086464527,2.8761088605291367,6.835508073326206,1,1,0.5346406949618241,0.6303336770994652,1.0753639815236984,0.5799132656634042,1
2.4388190417375264,0.5105789785998898,6.333851772530001,6.702697032969924,1,0,0.4821579620991763,0.29314403038986736,0.8774653420286846,0.5275840342599499,1
1.633222086870069,0.4624647350724286,3.4123937198851335,5.28281714072255,1,1,0.5072061395634079,0.7954033533014218,1.0773830385530079,0.6676959598511767,1
1.8109756733189502,0.27097150778788276,6.752295852876479,3.614205615928937,0,1,0.30298525616688776,0.8246599949057335,0.8128812566755312,0.6874539695886062,1
1.6019068673455703,0.4180107675587753,4.908111464945968,2.787354616342709,0,1,0.46907464786297026,0.2966274510350353,1.6781617608903696,0.577030978507407,1
1.501907652188315,0.5938678958098033,4.183070948843831,1.7411202274919053,1,1,0.5872272644803442,0.5694161409167889,1.2429255703427562,0.3057404158683437,0
1.8991008282705448,0.5749552265988476,4.900444173347273,3.4842837844058785,0,0,0.4770774807869743,0.43201856932850224,2.1624025959976723,0.612853345086481,1
0.8881006148267813,0.21726949431880468,4.583491926131339,3.8922076204540366,0,1,0.5928876825248889,0.4857034458888414,1.071203871086817,0.4880996476141582,1
0.9548203262381778,0.26592592629177486,5.793881268786626,5.730760475728515,1,1,0.3932075857587339,0.3577907307732051,1.2841599984334315,0.5545008674518741,1
2.6544640525337933,0.2526915093818248,3.412480329864261,5.607118770083014,0,0,0.6252568017926902,0.5968432612074475,1.3009776220981466,0.592086270908498,1
2.8652886553340817,0.49039196399411816,3.765251958001512,1.4907569774887985,0,0,0.5353724961813808,0.8247876119493344,0.8118320944874448,0.45760647644718455,1
1.4332732906993824,0.527114131942778,6.470471512666253,3.7668152080181043,1,1,0.38430523977196246,0.5518435601629654,1.9748911342552427,0.7126943273273074,1
1.1768616828588845,0.2854045465242688,6.732282565752027,2.2724520705215334,0,0,0.39468819034153313,0.29974874883668867,0.8447922442020547,0.36028869003740155,0
2.1099988580975393,0.4023410771807316,6.462791137432372,2.0976889372176397,0,1,0.5512121858278147,0.622000800086445,2.116251768620938,0.6021803132764668,1
1.521835427745241,0.5362812112044799,4.097239969786568,6.791115048160721,0,0,0.6319758372849773,0.4541337966707542,2.0489040915310692,0.30196181098046115,1
0.5634658891508622,0.49312061790650025,5.901827515034409,1.2934065170138027,0,0,0.46625111281166204,0.7635551137547787,1.549730682520349,0.7160929974323313,0
0.8903814934154759,0.4168948821967393,4.381678666505493,3.9342801313148494,0,1,0.40332017165103684,0.5108068889898821,1.561033804875809,0.35062685995714116,1
2.289930572118494,0.4361390761835091,4.487699260730511,2.1774255903656274,0,0,0.6468046427642401,0.3657037653653474,1.715289092138619,0.34269790356640856,1
2.1473098547753784,0.40334421876651194,3.0234005452864197,7.1553115097493185,0,1,0.5677073167003339,0.364663373614687,1.341870016708842,0.4498534348735099,1
0.5677399812587087,0.3190193805275282,4.9556515162925825,4.899283592925245,0,0,0.4792341949132306,0.7112585084326962,1.7061111967569977,0.4681048287175863,1
1.0549304048323735,0.4260087971436064,2.9306794887667396,2.6196644546379364,1,1,0.4951600781117207,0.4093525589844159,0.8626757441638817,0.3964350325452954,0
1.0776869914701785,0.4755541208200363,3.6578234953359687,4.5169910101646344,1,0,0.3817025871745585,0.7103400364955338,0.8756666782896172,0.5633047474172062,0
2.179731858996821,0.549329166344323,6.275151008099676,6.120404517921811,1,0,0.5507210520259376,0.3735323864599596,1.4401225874673622,0.4993113441188836,1
0.5492763443859103,0.45451654159169924,3.035379046054276,7.706826062436036,1,0,0.44349700421715543,0.44301182122078564,1.569471221548449,0.3153790150684893,1
0.7602714549614347,0.5044486148172631,2.355791425867164,2.5431220297179324,0,0,0.6982580706697397,0.5292921834638196,2.0429446964701468,0.4438434280148853,1
2.4997902134329735,0.2640286539818292,2.3450379630640814,7.203272404905416,1,0,0.49207340610475514,0.8159175098160704,0.9465248874710548,0.6646948111079267,1
0.946361655135834,0.384622989767916,6.703922602515539,7.5401287991724315,1,1,0.49435424247584525,0.8090388548522948,1.9517070980714453,0.6103656906878409,0
2.131865269629687,0.20373264793083734,4.534602189809173,7.414943811724464,0,0,0.5263407149642687,0.37412312525337266,1.0940662722088974,0.6261918841109462,1
1.0954569526168163,0.2986715458086492,4.0470603590850915,5.447900498033369,0,1,0.6667024012474987,0.4649314247458437,1.3517171079140446,0.6141526158375856,1
0.7486034818983629,0.49058468604520195,6.054392905039592,5.408744581042954,0,1,0.6203272399439002,0.3396396330722634,1.2432434087583781,0.439937859622365,0
1.1079304774986352,0.5967239805397453,6.17912963955258,3.8224744322867594,0,1,0.48045202791913655,0.5559910475880983,1.3602173820115586,0.34484876493454913,1
2.3056673296391477,0.23967123983488636,3.660955165578023,6.266785176126516,0,0,0.5874797063891184,0.5263495304168,1.0106936973016198,0.4226102328148932,1
2.6392411702657146,0.3605977263445153,5.468090287368977,4.719058128456524,1,1,0.5344941995123046,0.7904560974704394,1.5049981041649771,0.6743033850833217,1
2.575549661417479,0.5200283874796638,5.855614079259433,5.742066498598061,0,0,0.49694681948049957,0.8080032266746435,1.9222996257639142,0.741211859002382,1
1.4929588240461371,0.2816142538515595,5.273253434329773,3.999205326941568,1,1,0.3769263091137402,0.4801404346043753,1.4181476145304557,0.5222311566337026,0
2.1702128414266153,0.4220339797209145,2.757975374000497,6.1204752483019735,1,1,0.48557450538195635,0.5450427658113937,1.486859006257479,0.304365159715369,1
1.0124607385395525,0.49322851841186993,6.379415417585285,6.771300623231843,0,1,0.3983274348090298,0.7877417494876798,1.98827461939384,0.36302016546040305,1
1.2328693256525332,0.4463941801040716,4.695472763680043,2.025053796219713,1,1,0.6659368599406619,0.7340246846470369,1.7884813604932432,0.4449362588923196,0
2.7408395463027992,0.27520989384616645,3.4123621318500184,6.830508009019596,1,1,0.43416272539853873,0.25219378680678955,1.4866361719276986,0.5603634068668274,1
0.53250480877684,0.3421538274742958,4.1261409271884695,4.78207572253215,0,0,0.6809056058133489,0.4420357385101495,1.1607739074648515,0.33379214061239126,0
0.7137713271361702,0.5135167137941589,2.187855451994537,6.91266136363157,1,1,0.5132221160378845,0.5030645451616755,2.038897445582953,0.7245107844194467,0
1.0197156378650682,0.42169060565280664,2.6393340061120876,4.019111944387102,1,1,0.5526177514704641,0.38782977020993903,1.6078285623667818,0.46428765297798036,1
0.5663305096845492,0.2020918454171651,5.827733752579304,3.6532833976812453,1,0,0.5171761777957311,0.36974296953756325,1.109606654154971,0.7106628980661703,0
0.9535885877244933,0.5043963040112376,2.000058173776831,7.405425127620557,0,0,0.3517522467866803,0.2726707039574078,1.1767676536932146,0.6512348112406598,1
1.9576039024242304,0.21412454197609565,4.082829142411461,2.758184872838809,0,0,0.45032848760317634,0.6360218350418563,1.9243863245107444,0.6399467726320115,1
1.5535613764812448,0.49829351309249287,4.612550905427942,6.909486277003001,0,1,0.3396584449110496,0.4075061742898994,0.8618037869224376,0.5730238109020044,1
2.7316792776924372,0.280992224066095,2.2731721000048615,4.388144007565829,1,1,0.5491816176733526,0.28140830705878783,2.1889290618403483,0.5820527176733301,1
2.5436089043461023,0.583229392047752,6.865390814861664,4.598668097858818,0,1,0.47874967808017554,0.3885875863168382,0.9824923516007086,0.5871014558473117,1
1.35454337924469,0.3471763005208338,3.1306266562483596,3.159277970426388,1,1,0.6111939886283747,0.7311483717016759,1.9144959355557125,0.582924624161512,1
1.1485585835782313,0.33077264653523164,3.5209935981814042,5.01129540433311,0,1,0.3881881923997479,0.760893508987928,1.3526854434803561,0.5491777041292626,1
1.4492310204181673,0.2595552201329779,3.5197125612751368,3.2764783739334793,1,1,0.36582642337173393,0.5398397471159816,1.4891026566024537,0.7438863083173,0
1.9757373562870193,0.32224168619608595,3.1520833105867494,1.2748858996915662,0,0,0.4625328923855071,0.4996424022452117,2.032910808450409,0.6295307553415632,1
1.1701591020571906,0.5506603047312801,2.007369110431557,2.9039902374104924,0,0,0.6706341532873524,0.836712216101069,1.3780756654248987,0.6496258747766346,1
2.0603722696228353,0.5985337350508989,5.646723970439982,1.0446533038461348,1,1,0.5841687260049646,0.37033879575284195,1.5524912551425283,0.6926082667876534,1
1.5235291304781011,0.34732381220273933,6.834227498996427,7.8484835093979965,0,1,0.4675694499171674,0.37921556971276504,0.8690195273728379,0.39703789322663213,1
1.8801179521299507,0.379444252381817,3.1214674164252254,7.760230468738232,1,1,0.5069088679017242,0.4251203062218398,0.8032864634144344,0.3377118715927773,1
1.5903163228382917,0.4888283752810948,5.315235959017112,3.7660870823061354,0,1,0.3336852044708393,0.35365439096865237,1.1427198222024164,0.5173024964693693,1
1.2361643988547941,0.5544783121860297,5.709481634793575,6.098595980377522,0,1,0.6938303585504452,0.47761935892251195,1.7528163300862745,0.5313363130286729,1
2.8711332674053915,0.4372177336747136,6.242126895452624,3.4206426888729746,1,0,0.5665629218779675,0.7965005361938523,0.9697708507027915,0.673131800977463,1
2.409014485399402,0.35661027927113176,4.113145985068046,5.697652099601832,1,0,0.414161627385369,0.6192087043771446,0.9592667423263692,0.499702610677051,1
0.8502829394161313,0.3650487363394495,3.514654528202146,6.638010301321854,1,1,0.5343233576860977,0.4971679291673582,1.3753448512502646,0.5568838614949407,1
2.671169939744782,0.47824725859872275,3.6264756701151555,7.6272937128456855,0,0,0.34379294642759756,0.8106464767427288,1.7069718540515173,0.5371819223310562,1
1.718577995623784,0.20128730544171147,5.563106665492564,3.8014859309477043,1,1,0.6863346675230334,0.2790785394854934,1.7969007891471027,0.317191252690826,1
2.7363805672352286,0.44783573498393625,6.08389733252818,6.483085880692334,0,1,0.36991399515334633,0.3761657067411168,1.0498309437377247,0.5768467034686113,1
2.499638139868288,0.342197204176543,2.908069838783013,2.8614991544248314,1,1,0.5592121272220856,0.5895331630610554,0.9114234063208595,0.6726194785984134,1
1.5630337611730836,0.5176789325108337,3.854705040788826,7.932326126555538,1,0,0.39818178501557216,0.6193315739159075,2.1165558475237622,0.3708752466341117,1
0.5561732708002936,0.23719625592925286,6.50970098374575,1.180387191350458,1,0,0.5870245530594143,0.2737345039375679,1.1649329355869424,0.5674492802669682,0
1.1716933984623652,0.43528090677935616,6.033467598473696,5.224701645507847,1,1,0.6107285468961123,0.4918232547442793,1.9946850966522136,0.5671247450008865,0
1.8540855366521674,0.39238915595444945,6.924292013812379,5.61654187155929,1,0,0.569367891564573,0.6394923788985236,2.0088880306479457,0.3738832338253614,1
2.083695549565368,0.45693021036209097,5.771241298410404,5.816318899518902,1,0,0.545799784102077,0.668842327842041,1.8815316284675623,0.3555586081788312,1
1.1447192135830058,0.22594143779318734,3.9659760051396113,1.842713051523623,0,1,0.6569876375808046,0.6328839415097616,1.0363670493135981,0.7410233743394181,0
0.8483901851820603,0.4319935149712525,4.953189169973189,7.569708484311913,1,0,0.3314506843959032,0.4423379346165547,1.9505220429558807,0.4771736263438669,1
2.5873255919982476,0.42459383518380944,5.305071271236601,2.2682829533505795,0,0,0.43236590631207805,0.3061120741587457,1.8769507829382215,0.40233977792558817,1
2.96100545175888,0.42426403776646837,2.39227908158562,5.359273822678888,1,1,0.3993149918523384,0.5062674678516004,1.635412186148704,0.3770960450044687,1
1.8142254557567146,0.4413950666385819,4.722484795519326,2.558732553861595,1,1,0.6952055848261686,0.3272526624208333,1.272082849236534,0.6004207711124558,1
0.9291982146207587,0.47058717489054486,5.546604142363048,3.1505149191488964,1,0,0.45575591186674935,0.8185741951124003,1.1675120459731618,0.5742503837972754,0
1.1807683162984224,0.5219955998723078,2.8366065200053017,4.825209792096871,0,1,0.5930450796961595,0.535102519613577,0.9706448969125026,0.5895984553443379,1
0.5459766913686668,0.30792828805128575,5.903158587127786,3.9203539299520354,0,0,0.5738900655524017,0.44035550461412054,1.5136598936612202,0.3396027123801535,0
2.7857470164012477,0.5300197640720248,4.918863902570559,2.121579206835544,1,1,0.38483249499095107,0.70978244267134,1.6193652257137852,0.7020905625742966,1
0.7943777072253528,0.39930227290538145,6.761108928487973,2.196554816945938,0,1,0.39559907208462053,0.5487691555493583,1.303074586722102,0.4751698785640717,0
1.941291188785634,0.2308233116537325,2.2121114910344586,3.9270135171395975,1,1,0.4125138254212136,0.43602041440747,1.4655026947532162,0.4410162328936611,1
1.185138051718015,0.22342037169759169,3.326630687777335,6.300980847928505,1,1,0.46445091130375166,0.737180645434481,1.3089202403169735,0.5080626512614826,0
1.8854450062894834,0.33369532747842434,5.00776939649912,7.28575252793452,0,0,0.3937300262602107,0.7702912906006731,1.697408480248982,0.4755297295864327,1
2.128550970879661,0.5139587908445871,3.4827995610296534,1.5888936358156798,0,1,0.3078605930987391,0.6538048997732062,2.0617628909151886,0.6886096514126157,1
2.5743545092680042,0.4830723738963663,5.572120820356211,3.7517273529158075,0,1,0.6517572227228782,0.27817865344460035,1.0294883668657229,0.7181674388390514,1
1.016053179401508,0.5154459858689626,5.795026412609655,1.7017189460601365,0,1,0.6862439325523536,0.5897937280999193,1.3339723338643728,0.4365539474023228,1
0.5274895716462011,0.4069076225766437,2.5125798203323724,1.1161473644281852,1,0,0.4366281548126272,0.707976947198369,0.9972160455312059,0.6887711133569796,0
0.8422140751720182,0.37607959918219624,4.569272321033838,5.632030778507696,0,0,0.4354027517701891,0.3319018072501493,1.6749212785709648,0.6516854082898802,0
2.7500466046202625,0.25898101068251356,4.5444527779552795,5.2171460937661145,0,1,0.3028367251097484,0.387202450830762,1.8204187132840342,0.7188634525551428,1
2.684725193906288,0.33127710144372463,3.846403851077705,2.1411337967042035,1,1,0.5721002753321496,0.7794970630408818,2.1046778256364385,0.4105876404836495,1
1.9935327554257707,0.3736077464695501,6.66462431284836,2.6366898316514487,0,1,0.6301759582994515,0.26207303311184443,1.190420696765351,0.5596316175544406,1
2.0012921510841335,0.2354401718718469,6.137531599366106,1.1659542755116288,0,1,0.35864332014400124,0.7016362826955855,2.1302956882116026,0.42354506313320006,1
2.162591686365639,0.2882447810844845,5.486046909548184,6.844630439860826,0,1,0.3638665397468603,0.5342639755086538,0.8885677405489447,0.6708425207179685,1
0.938428196558624,0.4392901176254955,5.571633178674988,7.82283417233986,0,1,0.6160332999885751,0.518063295303764,1.6442194087104236,0.3023958857569789,1
2.7860298648123996,0.4942652456956759,4.308580719065596,1.9482167575628355,1,0,0.5465162993416578,0.2542579194969323,0.879985807080662,0.5541686232988783,1
1.5469263122301828,0.5993390045571798,6.604972605482879,2.620326496357087,1,1,0.31794422305108677,0.7416389385798956,2.0512838628667227,0.4526415440723631,0
1.4578463206237435,0.573245332537423,5.472977136266427,7.078866667628539,0,1,0.5490187961849127,0.4658949403819399,1.5417326798980757,0.4452076681850191,1
1.7972942632070938,0.4570260798140766,5.644905308279082,7.485246585693294,0,1,0.4235670891375064,0.5744593787803257,1.7370876910679147,0.5902078457392126,1
0.6174149169376376,0.3684992213176288,6.308454518936726,3.9373916796476722,1,1,0.44749006218833837,0.6563804118013956,1.9642034962746338,0.6831680021912973,1
0.9157084218901985,0.45447094588329306,3.3703579467109552,1.3543573058835188,0,1,0.6078925673187521,0.6715777458627494,1.0104348714775564,0.5741379261269968,0
2.345084041065926,0.5142606472320927,6.035354519333515,1.2757428358497358,0,1,0.6243740770690442,0.8235880352956434,0.8540281867133874,0.6839278403910252,1
0.7069966698128162,0.24733447636935493,2.97620301478246,5.017649062483073,0,0,0.46014265073593225,0.5688039719419655,2.0304336042779934,0.4190687003464635,0
2.0078802736659704,0.3639619558785153,3.726709761224439,3.750265762252253,0,0,0.6788611744025419,0.48983173058465657,1.2409065184425057,0.5337758346442415,1
1.1133727742033024,0.5359209142542469,3.6780522713492134,1.2005669930435816,0,0,0.46258508718082886,0.8222221758950248,0.9805704710980314,0.5027414425801842,0
1.4732390351049414,0.3535331807732176,6.892627341945703,5.082766746187898,0,0,0.6087344140920439,0.6352661410153126,1.4558457319219213,0.3052402047763933,0
1.2217343419267497,0.4287489084908746,6.282686118739634,1.0791177561231573,0,0,0.4935509058257036,0.4288902137659334,1.6376285059744264,0.5505654644133331,0
1.3891817911623727,0.4351077443448793,5.505849307951299,6.511603707044911,0,0,0.6590129306088336,0.3258785472421427,0.8433588447915142,0.5976859458657787,1
2.2976147629606136,0.2737905012534557,5.6352838080769505,3.145029758923601,0,1,0.6631044974600714,0.7555327008791087,1.184853921559923,0.5663614819885816,1
1.2428042890579376,0.3448941766609154,4.810363972012855,1.2818060210646247,1,1,0.3349667231484335,0.46730896167649094,0.8459198239876544,0.6313259544525396,0
1.916011600742243,0.33380451549677287,6.735453335542595,5.1184655468820734,1,1,0.6745973325240903,0.6462818328186587,1.3884695448736988,0.5571027878038848,1
1.6901260054977492,0.21047868341282594,4.481293764411808,3.7837909010313826,1,1,0.6302139366081663,0.5324898516195389,2.0531400406927425,0.3300376146828406,1
2.1591779134066202,0.2096767055565421,3.9025885493494727,7.816602893500047,0,1,0.6165242857250668,0.369357867877023,2.175713376090997,0.3524004858381201,1
2.842074348311895,0.5326788174703094,2.815176684657955,4.809390637525915,0,1,0.38036453587420893,0.611011965172279,1.6918665749050787,0.5684135598947786,1
2.3314302430256255,0.309228323989125,5.93102826130529,2.9266742672590578,1,0,0.622047683501866,0.28640984137040937,1.0262927712984287,0.4237406363881381,1
1.037350946476892,0.4072315064955262,5.672219660377957,5.9660720524378235,0,1,0.6400530938740147,0.4980054759227153,2.0681891459990283,0.33584030806564463,1
0.5779578376532117,0.3194902294355092,3.9217751926206743,2.9004440177989794,1,0,0.41566013378166033,0.5779689637982026,1.5227469524800847,0.49332123455184607,0
1.1556601107495628,0.5762716980461362,2.125967069796147,7.329703039852956,0,0,0.6809040313449295,0.5116281844711474,1.0152490369440854,0.549445169137645,1
1.9876948267506371,0.3037187035463095,6.194986638590054,3.623053793551635,1,1,0.3199440585596657,0.6992033051505945,2.090417337232326,0.447935694757323,1
0.6285645337106258,0.37186272509557405,2.057089917270368,4.8490799394334365,1,1,0.35996370129885585,0.7467549727271874,1.8604566710123442,0.6241951660016001,0
1.740915618003091,0.5490921001938407,5.518498898145255,1.3540117267696021,1,1,0.5150324552206057,0.7127458444199068,1.8243873818124123,0.5896967736455601,1
1.992107122292223,0.5367734267167235,6.851285548630285,3.9828486656656157,0,1,0.5303169884489238,0.27328776868708127,1.7928529853121666,0.44976826249125235,1
1.335609727042402,0.27444056713851095,4.188306640741017,6.826544777626965,1,1,0.5580600333203614,0.3664772622675833,1.0804757495350192,0.6396926380088523,1
2.4272805093645546,0.5210573239182841,3.174867024979764,6.6395416375433935,0,1,0.30678765172618655,0.5719645055582645,1.0954093683905366,0.591912769139866,1
0.7664956328344295,0.38327475469515704,5.524355050216909,2.5702299119746836,0,1,0.6841467098488521,0.8108932242662807,1.763610197798157,0.5868504204230559,1
0.6878444543395219,0.3931875488341421,6.085640710077926,2.5825534970739388,0,0,0.3178352370936576,0.7509740650312701,1.1076118501545558,0.5490424653541806,0
2.3204718905090083,0.2533919889663775,4.732151580389237,6.721137185492657,0,1,0.35722478108936095,0.7555207050110809,1.4141403755242685,0.30512535063984875,1
1.7387282905154962,0.23224060550284986,6.835176376280731,7.512788941185279,0,1,0.3056058070104228,0.4319249162558049,1.894802555831518,0.6134282325646001,1
2.2210059910693403,0.49117572278950605,2.2583436082898056,1.6675264489110249,0,0,0.5267433733176379,0.5076687382472216,1.8975335253369774,0.4692188059991204,0
1.5870683465093656,0.39858446094211986,4.52397799152264,4.150410475983577,0,1,0.6729067535683888,0.5324235683895624,1.4345664815362036,0.724174369571395,1
1.116005083097767,0.3747402810460718,5.59226973661275,3.362179952749603,1,1,0.5663788664321856,0.34442295000994627,1.9090659135853432,0.6680931469847424,0
2.547755794185499,0.4918032914609587,6.3132023557458945,7.0948191882020755,1,0,0.6290629873921709,0.2686408781466738,1.9740705146772797,0.5644625112890904,1
2.498539697422448,0.5062051595964439,2.8962780595389503,1.5846744027601314,1,1,0.30531248138343203,0.8181417396763101,1.7166860517979645,0.41348189181867123,1
2.236741177136067,0.2635632670677414,6.000017408818407,2.477881597906262,0,1,0.5168061193918904,0.39442755139810404,1.1197961932317884,0.39167282697495,1
1.1803628430749067,0.44409005979105654,4.763535378592726,6.2672783631054605,0,1,0.4838251910022087,0.3939693422341788,1.1836164925397665,0.4531731769548971,1
1.9755766671727177,0.2541416329110742,3.982768409949816,1.359056942868509,0,1,0.4995871776883172,0.3000274322612557,1.2407776175722296,0.5144555746110083,1
1.402434742350067,0.5005500344116183,2.658575142895468,4.4477476650000245,0,1,0.32888527413407515,0.8071046511662671,0.9635257508275329,0.4332294795175262,1
0.7289551833165854,0.4627820625068558,6.326478794544562,4.09474924275804,1,1,0.5737741444277229,0.5978422689638632,1.1824234685179231,0.5317182729266172,1
2.793283938655607,0.5826458484333832,2.7863660408985766,3.3408082529212404,0,0,0.5012881659434537,0.6502221142752123,1.093326914037545,0.37441669148093365,1
0.8420465772974035,0.22758320654256847,3.5489392960454964,3.7620062072324663,1,1,0.6060595399445056,0.7969461323578315,1.4374602497320432,0.7399707657714749,0
2.875593384552006,0.22282188846050174,3.4502276598121844,4.70958410851163,0,1,0.49411625362468614,0.4573721013404737,2.071812567021171,0.3485660497342472,1
1.6150144323948894,0.31287482987728005,6.357070170954271,2.1295715087186817,1,0,0.3597526544905728,0.6229043866828505,0.9462724434555414,0.7193748628444674,0
